Data_Venda,Categoria,Preco_Unitario,Desconto_Perc,Quantidade,Tempo_Entrega_Dias,Mes
2023-04-13,Vestuário,"193,87","0,11",3,4,4
2023-12-15,Livros,"88,21","0,29",4,5,12
2023-09-28,Eletrônicos,"985,22","0,15",3,6,9
2023-04-17,Eletrônicos,"1300,85","0,21",3,5,4
2023-03-13,Eletrônicos,"1057,96","0,03",2,5,3
2023-07-08,Eletrônicos,"1388,49","0,07",1,4,7
2023-01-21,Eletrônicos,"850,2","0,38",4,5,1
2023-04-13,Vestuário,"147,14","0,36",5,3,4
2023-05-02,Casa e Decoração,"448,13","0,26",4,6,5
2023-08-03,Vestuário,"199,43","0,18",2,4,8
2023-11-27,Vestuário,"167,06","0,27",5,3,11
2023-03-29,Eletrônicos,"1098,29","0,25",4,5,3
2023-04-10,Vestuário,"86,3","0,23",3,2,4
2023-12-26,Vestuário,"119,7","0,02",1,7,12
2023-06-01,Beleza,"78,27","0,25",3,6,6
2023-05-11,Eletrônicos,"990,68","0,31",4,5,5
2023-05-30,Vestuário,"152,38","0,4",6,2,5
2023-11-05,Vestuário,"136,32",0,1,3,11
2023-09-15,Beleza,"94,3","0,29",5,5,9
2023-12-10,Beleza,"120,07","0,23",2,4,12
2023-10-21,Casa e Decoração,"309,35","0,17",3,2,10
2023-07-11,Vestuário,"94,69","0,05",2,3,7
2023-10-04,Livros,"49,47","0,16",2,4,10
2023-06-10,Eletrônicos,"1375,08","0,14",1,3,6
2023-11-10,Eletrônicos,"1403,38","0,12",1,7,11
2023-01-22,Vestuário,"166,24","0,29",5,5,1
2023-09-10,Eletrônicos,"1590,22","0,28",1,3,9
2023-08-24,Livros,"57,2","0,24",4,6,8
2023-12-11,Beleza,"141,3","0,38",5,6,12
2023-02-18,Vestuário,"182,73","0,14",2,5,2
2023-02-28,Casa e Decoração,"97,65","0,1",3,4,2
2023-06-19,Livros,"87,01","0,26",4,4,6
2023-07-07,Beleza,"70,83","0,08",3,4,7
2023-09-28,Casa e Decoração,"246,59","0,13",3,2,9
2023-07-09,Livros,"67,86","0,09",3,7,7
2023-06-24,Livros,"33,93","0,03",3,4,6
2023-02-20,Beleza,"72,61","0,33",5,5,2
2023-12-30,Eletrônicos,"1667,13","0,1",1,3,12
2023-02-24,Vestuário,"172,25","0,19",3,4,2
2023-09-01,Beleza,"110,31","0,02",1,9,9
2023-11-16,Eletrônicos,"1002,93","0,28",3,3,11
2023-05-11,Beleza,"51,54","0,13",4,7,5
2023-11-03,Eletrônicos,"1412,05","0,3",3,4,11
2023-05-15,Eletrônicos,"1479,08","0,16",2,6,5
2023-01-21,Vestuário,"185,4","0,08",1,6,1
2023-11-25,Eletrônicos,"1262,72","0,21",2,5,11
2023-06-16,Livros,"45,49","0,05",3,4,6
2023-10-01,Beleza,"150,94","0,18",4,4,10
2023-03-30,Beleza,"101,99","0,13",1,4,3
2023-11-12,Casa e Decoração,"332,61","0,36",5,7,11
2023-01-14,Eletrônicos,"1149,17","0,02",1,2,1
2023-08-30,Vestuário,"155,98","0,28",4,2,8
2023-09-22,Casa e Decoração,"456,96","0,07",2,2,9
2023-12-12,Vestuário,"157,59","0,13",2,3,12
2023-02-22,Vestuário,"184,34","0,17",3,6,2
2023-12-06,Vestuário,"156,06","0,36",6,6,12
2023-04-02,Vestuário,"145,51","0,1",3,4,4
2023-09-21,Livros,"69,62","0,04",2,4,9
2023-02-04,Beleza,"105,08","0,13",2,3,2
2023-07-25,Vestuário,"143,21","0,04",1,3,7
2023-03-22,Casa e Decoração,"275,08","0,05",2,5,3
2023-02-19,Beleza,"98,54","0,23",4,6,2
2023-12-26,Eletrônicos,"1223,5","0,02",1,4,12
2023-01-02,Beleza,"76,13","0,01",1,7,1
2023-02-23,Beleza,"68,94","0,29",5,6,2
2023-04-16,Vestuário,"166,42","0,14",3,7,4
2023-09-17,Vestuário,172,"0,05",2,4,9
2023-11-06,Vestuário,"135,6","0,1",3,7,11
2023-07-10,Vestuário,"126,8","0,26",4,8,7
2023-08-06,Eletrônicos,"950,92","0,11",1,4,8
2023-02-13,Beleza,"99,56","0,2",4,4,2
2023-06-11,Eletrônicos,"958,81","0,05",1,3,6
2023-07-21,Vestuário,"239,65","0,24",3,3,7
2023-09-27,Livros,"53,85","0,13",4,3,9
2023-12-17,Beleza,"29,37","0,25",3,3,12
2023-10-31,Vestuário,"148,79","0,32",4,5,10
2023-09-28,Vestuário,"147,08","0,24",3,3,9
2023-08-03,Eletrônicos,"1533,52","0,12",1,5,8
2023-09-09,Casa e Decoração,"378,81","0,1",2,5,9
2023-07-09,Eletrônicos,"949,85","0,13",1,4,7
2023-10-23,Vestuário,"138,54","0,07",2,4,10
2023-08-01,Livros,"64,91","0,07",3,4,8
2023-07-27,Eletrônicos,"550,59","0,32",2,4,7
2023-08-25,Beleza,"123,47","0,15",3,3,8
2023-12-04,Livros,"47,53","0,17",4,5,12
2023-02-22,Eletrônicos,"1625,11","0,24",1,4,2
2023-10-07,Beleza,"99,81","0,24",5,3,10
2023-08-05,Vestuário,"175,18","0,03",2,5,8
2023-09-09,Livros,"77,24","0,33",6,5,9
2023-07-07,Casa e Decoração,"407,31","0,07",1,6,7
2023-02-10,Casa e Decoração,"417,29","0,29",4,3,2
2023-06-06,Vestuário,"143,42","0,31",4,4,6
2023-01-15,Beleza,"99,3","0,29",6,30,1
2023-10-28,Beleza,"75,31","0,23",5,4,10
2023-03-06,Vestuário,"136,26","0,01",2,5,3
2023-12-11,Beleza,"139,12","0,14",3,5,12
2023-11-23,Eletrônicos,"957,54","0,24",4,5,11
2023-01-09,Eletrônicos,"1246,3","0,15",4,7,1
2023-12-10,Eletrônicos,"1234,04","0,35",4,5,12
2023-05-09,Vestuário,"137,57","0,12",3,22,5
2023-05-16,Eletrônicos,"1354,32","0,12",1,4,5
2023-03-04,Livros,"68,85","0,11",3,4,3
2023-05-19,Eletrônicos,"922,25","0,13",1,3,5
2023-03-22,Casa e Decoração,"360,14","0,22",4,2,3
2023-06-12,Eletrônicos,"875,29","0,28",2,5,6
2023-10-16,Beleza,"109,71","0,27",4,6,10
2023-09-18,Livros,"62,65","0,32",5,4,9
2023-08-19,Vestuário,"153,29","0,35",5,7,8
2023-02-10,Beleza,"106,48","0,33",4,4,2
2023-01-28,Eletrônicos,"1117,35","0,01",1,2,1
2023-05-15,Beleza,"112,85","0,29",5,6,5
2023-07-20,Eletrônicos,"915,47","0,08",1,4,7
2023-11-24,Livros,"81,18","0,05",1,6,11
2023-09-25,Eletrônicos,"1034,73","0,26",2,3,9
2023-02-02,Casa e Decoração,"180,38","0,13",3,5,2
2023-02-17,Beleza,"81,79","0,02",1,3,2
2023-03-03,Vestuário,"132,32","0,06",3,5,3
2023-08-04,Eletrônicos,"1099,18",0,1,6,8
2023-10-20,Eletrônicos,"1269,49","0,36",4,5,10
2023-04-09,Vestuário,"193,91","0,01",1,5,4
2023-06-21,Casa e Decoração,"330,83","0,08",2,2,6
2023-12-26,Eletrônicos,"992,51","0,17",1,6,12
2023-08-02,Vestuário,"104,94","0,14",4,6,8
2023-02-04,Eletrônicos,"1059,55","0,36",3,3,2
2023-08-15,Beleza,"42,8","0,02",1,3,8
2023-04-11,Eletrônicos,"982,46","0,2",5,6,4
2023-05-11,Vestuário,"199,76","0,27",5,4,5
2023-09-14,Eletrônicos,"952,99","0,37",5,3,9
2023-01-05,Vestuário,"175,15","0,25",4,5,1
2023-08-06,Beleza,"59,34","0,32",4,4,8
2023-09-12,Vestuário,"220,84","0,03",1,5,9
2023-12-25,Eletrônicos,"1751,28","0,15",1,4,12
2023-10-10,Beleza,"104,78","0,15",2,4,10
2023-07-26,Beleza,"139,78","0,35",4,6,7
2023-01-15,Eletrônicos,"1306,74","0,06",1,1,1
2023-12-12,Beleza,"109,21","0,06",2,5,12
2023-02-11,Livros,"78,93","0,13",4,6,2
2023-06-28,Eletrônicos,"1253,92","0,02",1,4,6
2023-03-04,Beleza,"51,19","0,07",2,6,3
2023-12-18,Beleza,"109,72","0,39",5,3,12
2023-08-19,Vestuário,"131,13","0,17",1,4,8
2023-08-29,Eletrônicos,"1080,74","0,25",3,3,8
2023-02-21,Eletrônicos,"1289,37","0,29",2,6,2
2023-04-06,Beleza,"104,16","0,15",3,2,4
2023-08-10,Livros,"62,25","0,06",2,7,8
2023-08-19,Casa e Decoração,"413,57","0,08",1,4,8
2023-08-25,Vestuário,"121,73","0,13",3,5,8
2023-05-23,Casa e Decoração,"345,73","0,25",4,5,5
2023-06-20,Casa e Decoração,"434,91","0,16",4,5,6
2023-01-29,Vestuário,"220,91",0,2,4,1
2023-02-05,Eletrônicos,"1837,93","0,21",2,6,2
2023-01-13,Beleza,"100,82","0,37",4,4,1
2023-06-09,Vestuário,"183,6","0,32",3,3,6
2023-11-23,Beleza,"139,54","0,33",5,6,11
2023-07-06,Vestuário,"123,17","0,32",4,5,7
2023-08-31,Eletrônicos,"1388,91","0,13",2,7,8
2023-03-27,Eletrônicos,"1430,5","0,31",4,4,3
2023-10-11,Vestuário,"207,91","0,06",1,4,10
2023-03-07,Livros,"42,94","0,26",5,5,3
2023-06-19,Eletrônicos,"918,18","0,26",4,4,6
2023-02-14,Beleza,"90,53","0,01",1,4,2
2023-03-03,Vestuário,"165,11","0,32",7,6,3
2023-05-14,Beleza,"118,07","0,36",5,16,5
2023-10-11,Vestuário,"170,7","0,11",2,4,10
2023-01-28,Beleza,"86,21","0,32",5,3,1
2023-04-18,Beleza,"100,41","0,03",1,4,4
2023-02-13,Eletrônicos,"1290,31","0,24",3,5,2
2023-12-06,Eletrônicos,"1723,5","0,19",1,5,12
2023-10-13,Beleza,"94,14","0,22",6,6,10
2023-11-27,Livros,"54,25","0,37",5,5,11
2023-05-08,Eletrônicos,"1334,88","0,35",4,17,5
2023-12-14,Beleza,"94,96","0,31",4,28,12
2023-08-19,Livros,"36,44","0,11",3,2,8
2023-07-09,Beleza,"89,61","0,36",5,6,7
2023-08-13,Livros,"58,49","0,04",1,2,8
2023-10-10,Beleza,"76,4","0,34",5,3,10
2023-05-01,Vestuário,"191,42","0,13",5,4,5
2023-04-26,Vestuário,"118,57","0,02",2,5,4
2023-08-21,Vestuário,"168,22","0,27",4,4,8
2023-09-16,Beleza,"86,3","0,09",1,4,9
2023-12-25,Beleza,"92,69","0,1",2,4,12
2023-07-17,Eletrônicos,"1323,54","0,12",1,5,7
2023-05-17,Beleza,"57,31","0,03",1,3,5
2023-11-14,Beleza,"94,79","0,07",3,3,11
2023-06-14,Casa e Decoração,"578,89",0,1,7,6
2023-08-13,Vestuário,"87,73","0,18",5,5,8
2023-11-03,Vestuário,"147,7","0,03",1,6,11
2023-08-22,Eletrônicos,"1536,97","0,27",3,5,8
2023-06-21,Eletrônicos,"1290,49","0,09",1,4,6
2023-06-01,Eletrônicos,"1406,39","0,38",3,5,6
2023-11-11,Eletrônicos,"487,3","0,35",4,6,11
2023-06-09,Vestuário,"173,93","0,12",2,6,6
2023-04-06,Vestuário,"119,53","0,31",5,4,4
2023-08-21,Eletrônicos,"1292,96","0,32",4,6,8
2023-06-29,Beleza,"89,26","0,39",6,1,6
2023-04-23,Vestuário,"241,13","0,24",3,6,4
2023-11-14,Livros,"68,2","0,03",2,4,11
2023-02-21,Livros,"58,31","0,26",5,5,2
2023-09-25,Eletrônicos,"747,09","0,25",4,4,9
2023-10-22,Vestuário,"154,85","0,26",3,3,10
2023-04-23,Eletrônicos,"1446,97","0,12",2,5,4
2023-04-11,Casa e Decoração,"341,94","0,34",5,2,4
2023-04-23,Casa e Decoração,"299,43","0,38",4,4,4
2023-03-22,Eletrônicos,"1028,22","0,09",2,3,3
2023-07-06,Casa e Decoração,"403,51","0,04",2,4,7
2023-04-23,Eletrônicos,"1427,82","0,08",1,6,4
2023-01-02,Eletrônicos,"1608,36","0,33",3,4,1
2023-05-10,Casa e Decoração,"250,5","0,27",4,5,5
2023-08-08,Vestuário,"171,04","0,25",3,6,8
2023-02-23,Casa e Decoração,"337,83","0,16",4,4,2
2023-12-09,Vestuário,"146,31","0,23",5,4,12
2023-08-12,Livros,"66,03","0,12",2,7,8
2023-08-13,Eletrônicos,"1322,3","0,19",2,4,8
2023-05-06,Vestuário,"171,15","0,32",4,5,5
2023-05-10,Casa e Decoração,"244,25","0,39",5,5,5
2023-02-22,Vestuário,"120,01","0,37",5,3,2
2023-06-21,Livros,"82,29","0,37",1,3,6
2023-08-06,Beleza,"84,49","0,16",5,5,8
2023-06-09,Casa e Decoração,"380,6","0,19",3,1,6
2023-07-17,Beleza,"116,37","0,28",4,4,7
2023-09-04,Livros,"66,95","0,37",5,3,9
2023-11-20,Livros,"68,2","0,06",2,6,11
2023-07-22,Beleza,"112,36","0,12",2,5,7
2023-07-03,Beleza,"37,08","0,06",1,6,7
2023-05-03,Eletrônicos,"1053,01","0,24",1,4,5
2023-09-12,Eletrônicos,"1340,58","0,12",1,4,9
2023-10-21,Casa e Decoração,"488,76","0,13",1,4,10
2023-10-07,Eletrônicos,"1219,83","0,03",1,4,10
2023-11-21,Vestuário,"116,21","0,14",4,9,11
2023-04-08,Eletrônicos,"954,57","0,34",3,6,4
2023-07-17,Vestuário,"185,35","0,09",1,3,7
2023-08-28,Beleza,"84,56","0,28",4,8,8
2023-05-24,Livros,"59,89","0,25",4,4,5
2023-04-07,Eletrônicos,"1384,51","0,35",3,5,4
2023-07-20,Vestuário,"33,94","0,05",3,6,7
2023-05-04,Beleza,"140,01","0,39",5,2,5
2023-07-06,Eletrônicos,"980,68","0,23",2,3,7
2023-11-22,Beleza,"96,05","0,4",4,7,11
2023-12-15,Vestuário,"81,81","0,36",5,4,12
2023-09-16,Vestuário,"133,1","0,09",1,6,9
2023-05-28,Livros,"78,67","0,02",2,4,5
2023-09-09,Eletrônicos,"625,15","0,1",3,4,9
2023-12-12,Casa e Decoração,"462,62","0,21",2,7,12
2023-05-27,Beleza,"83,16","0,07",2,5,5
2023-05-28,Eletrônicos,"1346,15","0,07",2,4,5
2023-12-18,Casa e Decoração,"415,75","0,19",3,3,12
2023-07-18,Livros,"66,62","0,01",2,4,7
2023-11-04,Eletrônicos,"940,51","0,05",1,6,11
2023-05-08,Beleza,"80,89","0,17",3,6,5
2023-02-08,Casa e Decoração,"203,84","0,03",2,3,2
2023-12-04,Casa e Decoração,"399,18","0,16",2,5,12
2023-12-26,Casa e Decoração,"520,21","0,19",5,4,12
2023-05-09,Vestuário,"77,02","0,18",4,5,5
2023-09-24,Livros,"48,58","0,35",6,4,9
2023-05-31,Livros,"57,27","0,21",5,6,5
2023-10-25,Casa e Decoração,"367,33","0,19",3,4,10
2023-04-09,Beleza,"111,98","0,16",4,5,4
2023-09-20,Casa e Decoração,"334,78","0,33",5,3,9
2023-09-09,Vestuário,"137,36","0,36",4,3,9
2023-05-24,Casa e Decoração,"460,31","0,34",4,8,5
2023-12-12,Casa e Decoração,"416,2","0,27",3,7,12
2023-04-22,Casa e Decoração,"403,9","0,05",1,4,4
2023-03-01,Beleza,"92,81","0,11",2,7,3
2023-01-02,Vestuário,"189,33","0,02",2,6,1
2023-10-31,Eletrônicos,"1003,11","0,37",5,4,10
2023-09-11,Eletrônicos,"962,19","0,26",2,3,9
2023-05-20,Vestuário,"179,84","0,3",5,6,5
2023-02-06,Beleza,"49,37","0,12",1,5,2
2023-06-09,Casa e Decoração,"359,22","0,34",4,4,6
2023-01-09,Casa e Decoração,"318,34","0,1",4,6,1
2023-08-21,Vestuário,"93,77",0,1,2,8
2023-04-09,Casa e Decoração,"256,87","0,15",3,5,4
2023-05-27,Vestuário,"145,64","0,23",4,3,5
2023-10-31,Vestuário,"191,36","0,19",2,3,10
2023-07-27,Beleza,"73,68","0,34",5,3,7
2023-05-11,Beleza,"120,33","0,04",2,5,5
2023-06-01,Vestuário,"152,53","0,22",5,3,6
2023-02-23,Eletrônicos,"1593,12","0,21",1,3,2
2023-04-30,Eletrônicos,"1018,65","0,11",3,5,4
2023-06-10,Eletrônicos,"1185,36","0,33",3,7,6
2023-04-26,Casa e Decoração,"386,85","0,3",3,5,4
2023-03-16,Vestuário,"142,82","0,29",3,7,3
2023-04-23,Vestuário,"188,12","0,35",5,7,4
2023-04-14,Vestuário,"61,7","0,29",3,4,4
2023-12-06,Eletrônicos,"1926,72","0,09",1,5,12
2023-09-11,Vestuário,"184,31","0,28",4,4,9
2023-08-15,Eletrônicos,"1147,94","0,12",3,6,8
2023-04-22,Vestuário,"127,91","0,1",3,4,4
2023-04-09,Eletrônicos,"940,07","0,03",1,3,4
2023-06-02,Beleza,"106,14","0,3",4,7,6
2023-12-15,Eletrônicos,"1498,49","0,28",1,5,12
2023-12-04,Livros,"57,56","0,09",1,4,12
2023-07-13,Vestuário,"194,28","0,3",3,4,7
2023-11-06,Beleza,"67,32","0,37",6,3,11
2023-06-12,Casa e Decoração,"241,62","0,04",2,3,6
2023-07-27,Beleza,"135,33","0,09",3,4,7
2023-06-18,Beleza,"104,78","0,3",3,5,6
2023-06-10,Vestuário,"205,87","0,11",2,5,6
2023-03-09,Vestuário,"115,84","0,25",3,22,3
2023-10-16,Vestuário,"113,06","0,03",2,7,10
2023-10-04,Casa e Decoração,"314,14","0,18",3,1,10
2023-10-31,Eletrônicos,"952,78","0,3",3,5,10
2023-05-15,Vestuário,"178,21","0,27",4,4,5
2023-07-14,Casa e Decoração,"274,89","0,33",5,3,7
2023-05-08,Casa e Decoração,"232,83","0,35",4,5,5
2023-02-02,Beleza,"93,55","0,31",5,4,2
2023-06-25,Casa e Decoração,221,"0,27",5,6,6
2023-01-22,Livros,"33,01","0,01",3,6,1
2023-08-26,Vestuário,"155,33","0,21",4,7,8
2023-06-07,Vestuário,"80,03","0,02",2,4,6
2023-02-07,Vestuário,"181,01","0,32",4,7,2
2023-08-18,Vestuário,"94,19","0,13",4,3,8
2023-12-31,Beleza,"33,98","0,22",3,4,12
2023-02-20,Eletrônicos,"1111,86","0,11",2,4,2
2023-09-21,Beleza,"93,61","0,31",4,5,9
2023-10-10,Vestuário,"169,66","0,35",6,5,10
2023-01-27,Casa e Decoração,"367,2","0,16",3,3,1
2023-08-14,Casa e Decoração,"244,07","0,35",5,5,8
2023-10-04,Vestuário,"178,52","0,11",2,4,10
2023-10-13,Vestuário,"188,41","0,21",4,3,10
2023-04-07,Vestuário,"101,77","0,34",5,4,4
2023-10-11,Eletrônicos,"1145,7","0,13",1,2,10
2023-11-13,Vestuário,"139,02","0,38",5,6,11
2023-10-31,Eletrônicos,"1266,11","0,05",2,4,10
2023-05-27,Vestuário,"141,8","0,01",1,4,5
2023-01-04,Casa e Decoração,"343,21","0,36",5,4,1
2023-02-04,Casa e Decoração,"414,18","0,03",2,7,2
2023-07-11,Casa e Decoração,"238,61","0,4",6,7,7
2023-02-18,Eletrônicos,"1421,21","0,38",3,7,2
2023-01-17,Casa e Decoração,"464,11","0,05",2,4,1
2023-06-21,Vestuário,"215,37","0,22",4,3,6
2023-08-08,Vestuário,"64,27","0,07",3,4,8
2023-06-07,Beleza,"85,43","0,17",4,5,6
2023-02-15,Eletrônicos,"610,47","0,02",1,6,2
2023-01-06,Casa e Decoração,"106,49","0,09",3,5,1
2023-04-09,Casa e Decoração,"364,41","0,15",5,3,4
2023-08-21,Vestuário,"134,03","0,18",4,4,8
2023-02-06,Eletrônicos,"1289,96","0,39",6,4,2
2023-10-07,Eletrônicos,"1345,84","0,32",4,5,10
2023-12-15,Beleza,"121,2","0,29",6,5,12
2023-10-29,Vestuário,"152,16","0,21",4,6,10
2023-06-30,Vestuário,"266,93","0,34",5,5,6
2023-04-05,Vestuário,"162,26","0,14",3,1,4
2023-04-09,Casa e Decoração,"534,25","0,28",4,2,4
2023-07-07,Eletrônicos,"500,15","0,4",6,4,7
2023-04-26,Vestuário,"203,99","0,13",2,5,4
2023-07-10,Casa e Decoração,"331,92","0,27",6,6,7
2023-09-10,Livros,"30,77","0,34",4,5,9
2023-06-10,Vestuário,"166,82","0,37",6,3,6
2023-09-13,Vestuário,"137,88","0,29",6,5,9
2023-11-19,Vestuário,"173,2","0,11",2,4,11
2023-05-08,Casa e Decoração,"451,11","0,13",1,4,5
2023-01-18,Vestuário,"90,43","0,01",3,2,1
2023-10-08,Vestuário,"190,6","0,3",5,5,10
2023-08-11,Beleza,"90,16","0,02",2,5,8
2023-02-23,Beleza,"123,82","0,35",5,3,2
2023-02-27,Vestuário,"141,79","0,05",4,6,2
2023-11-19,Beleza,"78,24","0,07",1,5,11
2023-12-26,Casa e Decoração,"352,71","0,19",3,5,12
2023-06-23,Vestuário,"154,07","0,3",6,5,6
2023-10-07,Eletrônicos,"1001,16","0,06",1,6,10
2023-04-24,Livros,"52,56","0,18",4,5,4
2023-10-15,Eletrônicos,"831,94","0,19",2,3,10
2023-12-08,Eletrônicos,"1069,61","0,08",1,4,12
2023-05-31,Eletrônicos,"1402,89","0,05",1,5,5
2023-05-07,Casa e Decoração,"336,26","0,33",4,1,5
2023-06-04,Eletrônicos,"1502,72","0,2",1,3,6
2023-09-30,Eletrônicos,"1144,37","0,01",1,6,9
2023-04-14,Eletrônicos,"770,54","0,32",3,6,4
2023-10-26,Eletrônicos,"1379,18","0,39",4,6,10
2023-09-03,Casa e Decoração,"282,64","0,24",3,6,9
2023-06-25,Casa e Decoração,"326,66","0,2",2,5,6
2023-02-08,Vestuário,"199,5","0,35",5,3,2
2023-06-19,Vestuário,"103,57","0,38",6,4,6
2023-09-04,Casa e Decoração,"366,47","0,3",5,2,9
2023-01-26,Eletrônicos,"1187,84","0,18",3,6,1
2023-12-21,Vestuário,"178,04","0,24",4,3,12
2023-11-02,Livros,"72,83","0,28",4,4,11
2023-01-13,Casa e Decoração,"376,38","0,08",2,6,1
2023-11-12,Vestuário,"135,59","0,18",2,2,11
2023-11-09,Vestuário,"168,93","0,33",4,3,11
2023-02-05,Vestuário,"203,43","0,26",4,5,2
2023-06-22,Vestuário,"148,91","0,16",2,5,6
2023-01-20,Eletrônicos,"1119,82","0,27",5,4,1
2023-11-17,Eletrônicos,"1316,45","0,05",1,4,11
2023-09-21,Eletrônicos,"1211,62","0,16",3,6,9
2023-05-22,Livros,"39,93","0,32",5,5,5
2023-05-23,Beleza,"95,98","0,09",2,5,5
2023-04-02,Eletrônicos,"795,97","0,07",1,6,4
2023-12-20,Eletrônicos,"1312,34","0,38",2,4,12
2023-11-18,Beleza,"70,07","0,08",2,8,11
2023-10-15,Eletrônicos,"1211,06","0,1",1,1,10
2023-08-03,Eletrônicos,"1317,18","0,39",3,7,8
2023-12-08,Livros,"96,81","0,29",6,6,12
2023-02-20,Vestuário,"179,71","0,28",5,5,2
2023-06-02,Casa e Decoração,"486,48","0,34",5,5,6
2023-07-05,Livros,"88,08","0,05",3,4,7
2023-03-04,Vestuário,"169,57","0,28",3,6,3
2023-07-09,Eletrônicos,"1285,71","0,2",2,4,7
2023-05-05,Eletrônicos,"879,98","0,33",4,3,5
2023-05-30,Beleza,"87,08","0,2",2,6,5
2023-11-10,Beleza,"71,92","0,25",3,7,11
2023-02-27,Beleza,"79,97","0,19",3,2,2
2023-12-08,Eletrônicos,"1761,2","0,19",2,8,12
2023-11-01,Beleza,"92,87","0,31",7,3,11
2023-06-29,Livros,"46,86","0,25",4,3,6
2023-06-19,Casa e Decoração,"487,45","0,25",4,3,6
2023-11-22,Livros,"74,33","0,18",3,5,11
2023-09-28,Beleza,"115,19","0,21",4,3,9
2023-02-23,Casa e Decoração,"149,39","0,3",3,16,2
2023-04-11,Casa e Decoração,"544,87","0,33",6,3,4
2023-09-21,Vestuário,"127,66","0,28",4,5,9
2023-02-22,Eletrônicos,"1433,39","0,37",3,5,2
2023-03-01,Casa e Decoração,"602,38","0,33",5,6,3
2023-04-18,Vestuário,"236,21","0,22",3,6,4
2023-01-05,Beleza,"65,56","0,27",5,6,1
2023-04-13,Livros,"38,33","0,37",7,4,4
2023-07-15,Beleza,"125,76","0,25",4,2,7
2023-09-19,Eletrônicos,"1242,62","0,33",6,2,9
2023-12-31,Vestuário,"129,96","0,28",5,6,12
2023-12-16,Eletrônicos,"1386,37","0,22",3,6,12
2023-02-16,Casa e Decoração,"333,71","0,1",3,4,2
2023-12-21,Beleza,"107,53","0,17",5,2,12
2023-11-07,Livros,61,"0,39",6,3,11
2023-11-04,Vestuário,"178,9","0,26",5,5,11
2023-05-24,Livros,"46,58","0,23",5,5,5
2023-09-26,Beleza,"125,61","0,37",4,6,9
2023-05-04,Vestuário,"177,9","0,23",2,4,5
2023-04-16,Beleza,"106,16","0,21",3,4,4
2023-06-07,Vestuário,"105,29","0,3",3,6,6
2023-05-27,Vestuário,"217,99","0,29",4,1,5
2023-05-25,Casa e Decoração,"348,63","0,08",2,5,5
2023-04-30,Vestuário,"179,12","0,19",3,4,4
2023-11-15,Casa e Decoração,"317,72","0,19",3,6,11
2023-10-02,Casa e Decoração,"376,09","0,15",2,5,10
2023-04-02,Casa e Decoração,"379,71","0,21",4,3,4
2023-02-27,Vestuário,"37,2","0,17",2,4,2
2023-12-12,Vestuário,"173,3","0,08",1,1,12
2023-08-17,Casa e Decoração,"546,53","0,16",2,6,8
2023-04-27,Vestuário,"171,59","0,03",3,5,4
2023-11-14,Vestuário,"111,69","0,23",4,7,11
2023-10-06,Eletrônicos,"1394,99","0,34",2,4,10
2023-05-07,Casa e Decoração,"455,95","0,29",4,6,5
2023-05-09,Eletrônicos,"1353,74","0,14",2,3,5
2023-02-27,Casa e Decoração,"342,59","0,03",2,1,2
2023-05-02,Beleza,"83,95","0,08",2,4,5
2023-01-01,Vestuário,"140,15","0,22",4,4,1
2023-08-27,Vestuário,"177,91","0,08",1,3,8
2023-10-17,Livros,"38,89","0,22",3,6,10
2023-04-06,Beleza,"80,7","0,09",1,6,4
2023-05-06,Livros,"83,93","0,34",6,5,5
2023-04-28,Beleza,"130,85","0,16",4,4,4
2023-02-17,Eletrônicos,"756,56","0,1",2,5,2
2023-03-30,Eletrônicos,"860,58","0,32",2,4,3
2023-08-25,Vestuário,"139,18","0,14",3,5,8
2023-09-29,Eletrônicos,"1467,78","0,04",2,2,9
2023-07-08,Vestuário,"76,9","0,23",4,3,7
2023-07-11,Vestuário,"147,81","0,23",4,3,7
2023-03-10,Vestuário,"131,03","0,29",5,5,3
2023-10-05,Beleza,"123,15","0,1",3,4,10
2023-12-15,Beleza,"48,08","0,18",4,7,12
2023-09-04,Vestuário,"153,7","0,11",3,6,9
2023-03-17,Beleza,"80,16","0,03",2,3,3
2023-06-03,Vestuário,"208,79","0,35",4,5,6
2023-05-24,Beleza,"104,94","0,29",4,4,5
2023-03-27,Eletrônicos,"1024,26","0,12",2,5,3
2023-07-04,Livros,"72,8","0,24",3,6,7
2023-10-12,Casa e Decoração,"311,12","0,08",1,6,10
2023-08-08,Vestuário,"189,97","0,36",5,5,8
2023-03-10,Eletrônicos,"1128,88","0,05",2,7,3
2023-02-16,Vestuário,"192,19",0,1,5,2
2023-04-04,Eletrônicos,"1330,82","0,2",2,5,4
2023-08-26,Eletrônicos,"2178,15","0,23",2,4,8
2023-07-23,Casa e Decoração,"344,71","0,23",4,4,7
2023-08-06,Vestuário,"165,31","0,02",1,5,8
2023-12-07,Casa e Decoração,"302,06","0,13",3,5,12
2023-02-08,Livros,"60,04","0,2",4,5,2
2023-04-10,Vestuário,"41,93","0,09",2,5,4
2023-10-16,Casa e Decoração,"396,56","0,35",6,5,10
2023-09-11,Eletrônicos,"1602,86","0,03",1,8,9
2023-08-10,Beleza,"99,92","0,19",4,4,8
2023-12-23,Vestuário,"97,45","0,28",3,5,12
2023-01-23,Livros,"47,97","0,1",2,4,1
2023-09-07,Beleza,"29,25","0,25",5,1,9
2023-01-10,Vestuário,"189,16","0,33",3,4,1
2023-09-03,Eletrônicos,"898,05","0,08",1,3,9
2023-11-21,Beleza,"89,28","0,37",6,4,11
2023-04-10,Beleza,"86,16","0,22",2,4,4
2023-10-17,Eletrônicos,"1646,32","0,12",1,5,10
2023-06-29,Vestuário,"153,41","0,17",4,4,6
2023-08-11,Beleza,"110,22","0,12",1,4,8
2023-09-07,Eletrônicos,"1363,94","0,29",5,6,9
2023-05-27,Livros,"80,39","0,32",4,3,5
2023-04-06,Vestuário,"140,44","0,33",5,2,4
2023-09-14,Eletrônicos,"1760,88","0,39",4,5,9
2023-11-21,Beleza,"40,36","0,32",5,6,11
2023-01-04,Vestuário,"184,3","0,24",2,6,1
2023-01-16,Vestuário,"115,34","0,14",4,5,1
2023-10-07,Eletrônicos,"1052,18","0,22",3,6,10
2023-12-02,Eletrônicos,"1370,82","0,02",2,6,12
2023-09-04,Casa e Decoração,"406,14","0,3",3,4,9
2023-09-15,Vestuário,"174,26","0,18",3,5,9
2023-06-09,Casa e Decoração,"211,38","0,01",2,5,6
2023-12-06,Beleza,"126,23","0,03",2,4,12
2023-06-01,Casa e Decoração,"259,94","0,15",3,6,6
2023-06-27,Eletrônicos,"969,81","0,23",3,4,6
2023-06-12,Vestuário,"175,52","0,19",5,4,6
2023-02-02,Livros,"55,7","0,25",4,1,2
2023-06-28,Beleza,"97,71","0,19",1,3,6
2023-04-11,Casa e Decoração,"134,34","0,26",4,3,4
2023-09-25,Vestuário,"161,37","0,09",3,4,9
2023-11-19,Vestuário,"158,71","0,05",1,3,11
2023-03-06,Beleza,"77,25","0,24",3,5,3
2023-06-17,Beleza,"38,15","0,19",3,6,6
2023-11-26,Casa e Decoração,"328,72","0,01",1,4,11
2023-02-12,Beleza,"89,07","0,15",2,3,2
2023-02-13,Beleza,"80,82","0,04",3,5,2
2023-10-12,Eletrônicos,"649,15","0,21",5,7,10
2023-01-12,Vestuário,"213,79","0,16",1,7,1
2023-04-05,Eletrônicos,"1008,34","0,25",3,2,4
2023-10-29,Eletrônicos,"1133,34","0,32",4,2,10
2023-09-10,Beleza,"29,76","0,12",3,2,9
2023-08-30,Vestuário,"213,79","0,38",7,3,8
2023-02-04,Vestuário,"131,34","0,21",2,5,2
2023-08-03,Eletrônicos,"1229,54","0,25",1,4,8
2023-12-03,Vestuário,"194,83","0,27",6,3,12
2023-03-31,Eletrônicos,"997,11","0,27",4,6,3
2023-09-21,Eletrônicos,"1488,97","0,2",1,5,9
2023-04-03,Casa e Decoração,"143,87","0,17",3,2,4
2023-03-31,Vestuário,"172,04","0,02",2,6,3
2023-04-25,Casa e Decoração,"507,22","0,01",1,5,4
2023-04-15,Eletrônicos,"1025,87","0,14",2,5,4
2023-07-15,Eletrônicos,"1535,66","0,13",2,4,7
2023-11-10,Vestuário,"223,36","0,16",5,4,11
2023-04-24,Casa e Decoração,"324,52","0,06",3,2,4
2023-03-16,Casa e Decoração,"316,25","0,3",6,6,3
2023-08-05,Vestuário,"114,07","0,34",3,3,8
2023-10-04,Vestuário,"129,61","0,38",5,3,10
2023-09-06,Beleza,"69,62","0,2",4,3,9
2023-06-13,Eletrônicos,"930,27","0,28",1,7,6
2023-12-23,Vestuário,"197,95","0,34",6,3,12
2023-07-11,Beleza,"70,25","0,17",4,6,7
2023-08-15,Casa e Decoração,"375,85","0,12",2,4,8
2023-06-26,Vestuário,"151,53","0,37",5,3,6
2023-04-09,Livros,"82,47","0,21",5,27,4
2023-02-05,Beleza,"77,42","0,2",3,4,2
2023-04-06,Vestuário,"165,25","0,07",3,4,4
2023-06-01,Casa e Decoração,"429,11","0,04",1,5,6
2023-05-31,Casa e Decoração,"498,97","0,34",5,4,5
2023-07-09,Vestuário,"129,29","0,25",4,4,7
2023-08-12,Vestuário,"125,28","0,13",5,3,8
2023-02-06,Vestuário,"107,53","0,08",1,3,2
2023-09-25,Casa e Decoração,"573,63","0,22",3,3,9
2023-07-02,Vestuário,"205,38","0,23",2,6,7
2023-01-13,Beleza,"88,94","0,08",1,4,1
2023-10-06,Casa e Decoração,"543,14","0,34",5,4,10
2023-08-05,Eletrônicos,"1169,44","0,03",2,4,8
2023-12-21,Casa e Decoração,"422,44","0,14",3,4,12
2023-12-27,Vestuário,"150,41","0,27",4,5,12
2023-10-13,Casa e Decoração,"389,78","0,11",1,4,10
2023-09-30,Casa e Decoração,"379,18","0,33",5,5,9
2023-03-03,Eletrônicos,"1072,5","0,3",2,7,3
2023-03-25,Vestuário,"193,7","0,32",3,3,3
2023-08-05,Eletrônicos,"1414,79","0,05",1,4,8
2023-12-08,Eletrônicos,"1508,31","0,06",1,5,12
2023-07-06,Vestuário,"162,81","0,11",1,7,7
2023-01-19,Vestuário,"113,74","0,21",5,3,1
2023-06-26,Livros,"85,64","0,3",3,2,6
2023-04-10,Vestuário,"139,5","0,33",4,4,4
2023-08-21,Vestuário,"164,56","0,28",4,4,8
2023-03-17,Casa e Decoração,"413,54","0,37",5,6,3
2023-09-22,Eletrônicos,"1307,23","0,3",3,5,9
2023-10-11,Livros,"73,73","0,12",1,23,10
2023-07-25,Casa e Decoração,"457,34","0,11",3,6,7
2023-08-11,Beleza,"84,38","0,28",4,3,8
2023-02-21,Eletrônicos,"1687,64","0,08",2,5,2
2023-12-05,Vestuário,"139,32","0,04",1,3,12
2023-05-24,Vestuário,"163,47","0,21",4,4,5
2023-03-10,Beleza,"80,31","0,33",6,2,3
2023-04-09,Eletrônicos,"997,96","0,04",1,3,4
2023-01-25,Vestuário,"191,77","0,32",5,7,1
2023-02-22,Livros,"106,83","0,32",3,2,2
2023-05-31,Vestuário,"135,53","0,19",4,4,5
2023-05-24,Vestuário,"198,61","0,02",3,6,5
2023-02-26,Eletrônicos,"1102,23","0,07",2,8,2
2023-02-08,Livros,"59,84","0,28",7,5,2
2023-04-19,Eletrônicos,"1727,28","0,28",3,5,4
2023-06-30,Beleza,"63,16","0,36",5,5,6
2023-02-11,Beleza,"56,55","0,23",7,6,2
2023-07-05,Eletrônicos,"1173,84","0,05",2,5,7
2023-08-11,Casa e Decoração,"416,37","0,05",1,4,8
2023-05-02,Eletrônicos,"1339,1","0,29",2,6,5
2023-05-13,Vestuário,"164,43","0,07",1,4,5
2023-06-12,Beleza,"90,85","0,13",3,2,6
2023-08-03,Beleza,"109,66","0,19",4,2,8
2023-08-09,Casa e Decoração,"58,63","0,01",2,4,8
2023-08-23,Vestuário,"119,97","0,1",1,5,8
2023-11-27,Eletrônicos,"1171,92","0,16",1,6,11
2023-05-26,Eletrônicos,"1411,36","0,11",1,5,5
2023-08-27,Eletrônicos,"1646,93","0,05",1,16,8
2023-03-17,Eletrônicos,"934,47","0,29",3,6,3
2023-01-09,Vestuário,"208,28","0,33",6,5,1
2023-03-15,Vestuário,"131,9","0,1",1,3,3
2023-09-10,Vestuário,"144,8","0,31",6,2,9
2023-08-18,Eletrônicos,"1374,43","0,15",3,6,8
2023-01-07,Vestuário,"141,87","0,2",3,1,1
2023-06-23,Beleza,"117,75","0,34",4,4,6
2023-05-21,Vestuário,"133,82","0,3",5,9,5
2023-06-17,Livros,"54,16","0,32",4,5,6
2023-06-19,Beleza,"116,3","0,05",1,4,6
2023-10-10,Eletrônicos,"971,06","0,03",1,2,10
2023-05-02,Beleza,"96,22","0,36",3,7,5
2023-07-13,Casa e Decoração,"183,95","0,16",1,6,7
2023-01-05,Casa e Decoração,"531,96","0,12",2,6,1
2023-01-29,Vestuário,"198,26","0,29",5,4,1
2023-06-14,Vestuário,260,"0,33",4,5,6
2023-12-05,Vestuário,"203,53","0,34",5,4,12
2023-05-16,Vestuário,"104,81","0,13",1,3,5
2023-12-31,Casa e Decoração,"416,86","0,34",5,6,12
2023-11-17,Casa e Decoração,"258,2","0,02",2,4,11
2023-12-08,Vestuário,"213,12","0,02",2,5,12
2023-05-25,Beleza,"62,47","0,25",4,4,5
2023-11-23,Eletrônicos,"855,25","0,03",1,5,11
2023-08-05,Eletrônicos,"717,06","0,13",2,4,8
2023-10-28,Beleza,"77,79","0,27",5,4,10
2023-05-12,Vestuário,"122,42","0,13",3,5,5
2023-10-19,Eletrônicos,"821,51","0,07",1,9,10
2023-03-11,Eletrônicos,"1796,94","0,11",1,6,3
2023-09-09,Eletrônicos,"1358,96","0,18",2,25,9
2023-10-02,Livros,"66,18","0,19",3,4,10
2023-12-30,Casa e Decoração,"508,92","0,31",5,31,12
2023-07-01,Livros,"63,84","0,3",4,3,7
2023-06-16,Casa e Decoração,"275,13","0,18",2,7,6
2023-04-01,Vestuário,"81,99","0,34",5,3,4
2023-07-21,Vestuário,"117,8","0,05",2,7,7
2023-12-12,Casa e Decoração,"500,54","0,1",3,3,12
2023-01-19,Eletrônicos,"823,4","0,33",4,6,1
2023-02-08,Beleza,"98,83","0,15",2,2,2
2023-05-06,Beleza,"115,85","0,39",6,4,5
2023-06-22,Vestuário,"161,41","0,19",4,5,6
2023-05-21,Livros,"65,98","0,32",5,4,5
2023-08-30,Beleza,"106,39","0,16",4,4,8
2023-08-08,Casa e Decoração,"387,93","0,17",3,4,8
2023-05-06,Eletrônicos,"1682,72","0,15",2,6,5
2023-02-27,Vestuário,"108,39","0,29",4,1,2
2023-05-28,Vestuário,"159,62","0,22",4,4,5
2023-11-13,Eletrônicos,"654,53","0,38",7,6,11
2023-12-27,Eletrônicos,"577,88","0,1",2,5,12
2023-01-01,Beleza,"87,96","0,04",1,6,1
2023-12-14,Eletrônicos,"1363,01","0,16",1,6,12
2023-07-09,Casa e Decoração,"513,07","0,25",3,3,7
2023-07-10,Livros,"96,3","0,34",6,5,7
2023-11-08,Beleza,123,"0,14",3,5,11
2023-04-27,Vestuário,"179,09","0,26",3,8,4
2023-05-14,Beleza,94,"0,14",2,6,5
2023-02-27,Eletrônicos,"740,63","0,25",3,5,2
2023-02-13,Eletrônicos,"1156,19","0,35",4,6,2
2023-06-22,Casa e Decoração,"479,04","0,09",2,5,6
2023-06-09,Vestuário,"185,93","0,16",4,5,6
2023-06-22,Vestuário,"98,55","0,4",8,4,6
2023-11-13,Casa e Decoração,"411,4","0,35",3,5,11
2023-10-30,Eletrônicos,"1358,52","0,23",3,6,10
2023-05-29,Eletrônicos,"1304,97","0,21",2,6,5
2023-03-21,Vestuário,"148,89","0,11",1,6,3
2023-08-01,Beleza,"106,64","0,21",5,7,8
2023-07-22,Casa e Decoração,"419,73","0,34",5,6,7
2023-09-09,Vestuário,"124,34","0,27",5,5,9
2023-08-17,Vestuário,"168,2","0,12",1,3,8
2023-06-13,Eletrônicos,"1143,18","0,08",1,3,6
2023-08-15,Eletrônicos,"753,83","0,11",1,4,8
2023-05-27,Beleza,"75,96","0,07",4,5,5
2023-01-20,Vestuário,"87,45","0,04",3,7,1
2023-02-16,Eletrônicos,"1494,03","0,17",1,1,2
2023-08-21,Casa e Decoração,"385,59","0,05",1,3,8
2023-11-01,Casa e Decoração,"314,45","0,07",2,4,11
2023-01-14,Casa e Decoração,"492,05","0,22",4,3,1
2023-05-23,Eletrônicos,"1220,4","0,07",1,3,5
2023-01-01,Eletrônicos,"770,63","0,03",1,4,1
2023-02-23,Eletrônicos,"1068,16","0,13",1,3,2
2023-09-16,Eletrônicos,"1689,86","0,09",2,3,9
2023-05-24,Casa e Decoração,"283,05","0,21",3,33,5
2023-01-12,Beleza,"96,88","0,04",1,5,1
2023-11-26,Beleza,"108,6","0,3",5,6,11
2023-08-12,Beleza,"104,75","0,36",4,4,8
2023-09-29,Vestuário,"247,98","0,3",3,6,9
2023-12-24,Casa e Decoração,"232,37","0,21",5,6,12
2023-06-05,Vestuário,"106,94","0,34",6,5,6
2023-01-08,Vestuário,"103,61","0,28",4,4,1
2023-05-02,Vestuário,"138,16",0,2,4,5
2023-12-14,Eletrônicos,"1529,81","0,16",3,6,12
2023-06-13,Vestuário,"108,73","0,34",5,4,6
2023-03-31,Livros,"76,7","0,14",2,3,3
2023-05-16,Eletrônicos,"1210,54","0,01",1,4,5
2023-07-05,Eletrônicos,"867,3","0,3",5,7,7
2023-11-12,Vestuário,"79,95","0,32",5,4,11
2023-06-27,Beleza,"51,81","0,06",1,5,6
2023-01-28,Casa e Decoração,"283,41","0,21",4,4,1
2023-08-08,Casa e Decoração,"333,08","0,08",3,6,8
2023-12-23,Eletrônicos,"1603,82","0,29",3,5,12
2023-02-10,Casa e Decoração,"429,91","0,11",3,2,2
2023-08-16,Vestuário,"116,44","0,13",2,5,8
2023-07-11,Beleza,"100,22","0,34",6,2,7
2023-05-25,Casa e Decoração,"515,15","0,19",3,4,5
2023-07-20,Eletrônicos,"1762,18","0,27",2,4,7
2023-07-31,Eletrônicos,"1105,68","0,16",3,7,7
2023-08-08,Eletrônicos,"1487,49","0,12",1,5,8
2023-08-28,Vestuário,"205,6","0,25",2,3,8
2023-02-15,Vestuário,"89,72","0,06",1,4,2
2023-02-04,Casa e Decoração,"298,76","0,15",3,6,2
2023-09-10,Vestuário,"238,8","0,08",3,3,9
2023-03-23,Vestuário,"137,96","0,28",3,6,3
2023-09-13,Eletrônicos,"321,31","0,38",5,4,9
2023-07-16,Eletrônicos,"1163,71","0,4",3,3,7
2023-10-30,Beleza,"118,12","0,18",4,4,10
2023-01-10,Eletrônicos,"1201,95","0,1",3,2,1
2023-11-08,Casa e Decoração,"421,54","0,18",4,1,11
2023-10-13,Beleza,"113,46","0,34",6,4,10
2023-08-30,Casa e Decoração,"314,51","0,08",3,4,8
2023-09-08,Beleza,"77,02","0,38",3,5,9
2023-12-31,Vestuário,"156,14","0,14",3,4,12
2023-01-05,Livros,"62,67","0,39",5,8,1
2023-04-29,Eletrônicos,"1216,22","0,34",5,5,4
2023-10-16,Eletrônicos,"1228,55","0,32",1,2,10
2023-03-06,Casa e Decoração,"275,15","0,13",3,3,3
2023-05-26,Livros,"71,25",0,1,5,5
2023-08-12,Beleza,"104,98","0,15",4,4,8
2023-08-27,Eletrônicos,"799,2","0,12",3,3,8
2023-06-26,Vestuário,"134,43","0,01",1,4,6
2023-09-24,Livros,"61,4","0,2",3,4,9
2023-12-07,Vestuário,"128,63","0,16",3,7,12
2023-10-09,Beleza,"105,93","0,25",6,3,10
2023-03-04,Beleza,"88,33","0,25",4,4,3
2023-08-05,Vestuário,"156,76","0,05",1,7,8
2023-12-08,Vestuário,"133,97","0,39",5,5,12
2023-11-11,Vestuário,"70,27","0,07",2,3,11
2023-10-10,Eletrônicos,"584,9","0,18",3,3,10
2023-06-26,Beleza,"104,74","0,2",3,3,6
2023-04-08,Vestuário,"160,68","0,33",4,5,4
2023-04-15,Beleza,"100,97","0,04",1,6,4
2023-04-09,Eletrônicos,"1240,34","0,17",3,7,4
2023-11-07,Livros,"63,22","0,25",3,2,11
2023-01-06,Vestuário,"188,76","0,09",2,6,1
2023-07-16,Eletrônicos,"1333,39","0,25",2,5,7
2023-12-17,Eletrônicos,"1512,27","0,37",2,4,12
2023-05-13,Beleza,"94,29","0,4",5,4,5
2023-12-24,Casa e Decoração,"319,96","0,01",3,2,12
2023-09-16,Beleza,"94,86","0,09",1,5,9
2023-01-23,Eletrônicos,"949,15","0,12",1,3,1
2023-02-22,Eletrônicos,"1086,05","0,16",1,3,2
2023-06-14,Vestuário,"157,1","0,1",2,5,6
2023-07-21,Vestuário,"156,57","0,08",4,2,7
2023-03-24,Vestuário,"145,74","0,38",5,3,3
2023-05-25,Livros,"39,18","0,37",5,6,5
2023-03-26,Livros,"69,55","0,02",1,5,3
2023-03-19,Livros,"72,51","0,14",3,4,3
2023-01-01,Beleza,"131,09","0,16",4,5,1
2023-02-20,Vestuário,"167,67","0,1",2,6,2
2023-06-22,Vestuário,"150,06","0,25",6,6,6
2023-07-24,Vestuário,"109,48","0,26",5,3,7
2023-09-17,Beleza,"127,3","0,34",5,3,9
2023-10-15,Eletrônicos,"1274,35","0,3",3,5,10
2023-02-03,Vestuário,"157,73","0,22",5,5,2
2023-12-14,Eletrônicos,"1123,78","0,26",3,2,12
2023-04-05,Vestuário,"137,28","0,11",4,3,4
2023-03-13,Beleza,"107,21","0,24",6,4,3
2023-02-08,Beleza,"64,46","0,2",3,5,2
2023-06-03,Eletrônicos,"1687,63","0,05",1,5,6
2023-09-07,Livros,"81,11","0,1",3,2,9
2023-06-11,Casa e Decoração,"314,59","0,12",3,5,6
2023-04-28,Eletrônicos,"940,84","0,37",5,3,4
2023-09-16,Vestuário,"69,39","0,09",1,25,9
2023-11-02,Vestuário,"99,94","0,12",2,4,11
2023-09-25,Eletrônicos,"1418,97","0,15",1,4,9
2023-02-23,Livros,"64,73","0,27",5,6,2
2023-08-24,Vestuário,"169,75","0,05",1,3,8
2023-08-10,Beleza,"43,86","0,38",7,5,8
2023-09-08,Vestuário,"134,17","0,35",6,2,9
2023-11-09,Eletrônicos,"1610,18","0,23",3,4,11
2023-04-22,Vestuário,"146,16","0,27",3,5,4
2023-09-12,Eletrônicos,"818,31","0,01",1,5,9
2023-10-30,Vestuário,"145,54","0,14",3,5,10
2023-07-26,Livros,"48,43","0,32",5,6,7
2023-08-17,Vestuário,"163,35","0,03",2,4,8
2023-12-07,Casa e Decoração,"352,05","0,11",2,5,12
2023-03-07,Eletrônicos,"1362,99","0,23",3,7,3
2023-03-16,Eletrônicos,"834,62","0,1",3,4,3
2023-04-13,Eletrônicos,"1065,39","0,37",3,7,4
2023-07-11,Casa e Decoração,"459,04","0,05",3,6,7
2023-09-09,Eletrônicos,"793,72","0,32",5,4,9
2023-08-14,Vestuário,"109,88","0,2",2,4,8
2023-10-21,Casa e Decoração,"369,93","0,3",5,5,10
2023-11-02,Vestuário,"161,47","0,12",3,6,11
2023-04-08,Eletrônicos,"1053,35","0,21",1,5,4
2023-12-04,Vestuário,"138,86","0,34",5,4,12
2023-10-13,Livros,68,"0,19",3,1,10
2023-12-01,Casa e Decoração,"434,96","0,14",2,6,12
2023-12-13,Vestuário,"107,23","0,21",4,2,12
2023-11-04,Eletrônicos,"1309,3","0,29",2,2,11
2023-09-06,Livros,"82,68","0,18",5,4,9
2023-06-15,Casa e Decoração,"338,41","0,38",4,3,6
2023-12-01,Vestuário,"106,81","0,12",3,5,12
2023-01-30,Beleza,"61,85","0,19",2,4,1
2023-09-04,Vestuário,"143,57","0,3",4,6,9
2023-04-16,Vestuário,"191,43","0,28",4,2,4
2023-02-20,Casa e Decoração,"345,92","0,35",4,4,2
2023-03-22,Eletrônicos,"1256,77","0,4",4,5,3
2023-05-13,Livros,"45,05","0,17",2,5,5
2023-10-12,Beleza,"114,58","0,04",3,6,10
2023-05-18,Casa e Decoração,"235,43","0,01",2,3,5
2023-07-03,Eletrônicos,"1048,65","0,29",3,4,7
2023-11-26,Eletrônicos,"1388,97","0,35",3,5,11
2023-09-30,Vestuário,"68,42","0,09",4,1,9
2023-12-06,Beleza,"94,35","0,06",1,5,12
2023-03-10,Vestuário,"108,44","0,02",1,6,3
2023-02-03,Vestuário,"150,66","0,33",3,2,2
2023-09-19,Beleza,"81,2","0,12",3,4,9
2023-02-22,Eletrônicos,"1831,75","0,16",1,22,2
2023-07-24,Casa e Decoração,"310,69","0,2",4,5,7
2023-05-06,Eletrônicos,"1752,8","0,34",4,5,5
2023-08-23,Livros,"68,8","0,26",4,6,8
2023-02-12,Vestuário,"117,94","0,25",4,7,2
2023-08-28,Eletrônicos,"1299,24","0,07",2,5,8
2023-04-21,Vestuário,"137,82","0,21",5,4,4
2023-09-06,Vestuário,"159,69","0,29",5,6,9
2023-05-31,Beleza,"72,15","0,39",5,4,5
2023-07-02,Beleza,"132,25","0,08",3,3,7
2023-12-02,Casa e Decoração,"442,54",0,1,4,12
2023-04-05,Eletrônicos,"1209,53","0,03",1,5,4
2023-01-08,Eletrônicos,"1718,73","0,15",1,4,1
2023-12-26,Eletrônicos,"1222,28","0,33",3,4,12
2023-07-03,Casa e Decoração,"459,76",0,1,3,7
2023-10-08,Beleza,"90,96","0,18",5,7,10
2023-07-14,Vestuário,"165,76","0,13",2,4,7
2023-12-18,Eletrônicos,"1175,57","0,02",2,3,12
2023-07-14,Casa e Decoração,"359,53","0,18",3,4,7
2023-06-04,Beleza,"94,26","0,1",1,6,6
2023-04-03,Beleza,"73,26","0,14",2,5,4
2023-06-09,Beleza,"79,97","0,28",5,4,6
2023-03-02,Vestuário,"141,33","0,21",4,5,3
2023-05-02,Eletrônicos,"1268,91","0,05",1,5,5
2023-02-20,Beleza,"89,24","0,38",7,3,2
2023-10-04,Casa e Decoração,"467,3","0,25",3,25,10
2023-01-05,Vestuário,"183,88","0,31",3,5,1
2023-04-02,Beleza,"85,09","0,03",1,4,4
2023-06-19,Beleza,"124,54","0,02",2,5,6
2023-11-13,Casa e Decoração,"537,3","0,01",2,5,11
2023-01-22,Casa e Decoração,"145,62","0,08",3,5,1
2023-11-22,Vestuário,"187,29","0,17",2,4,11
2023-01-01,Vestuário,"122,28","0,37",4,4,1
2023-05-13,Vestuário,"182,03","0,18",2,3,5
2023-08-21,Beleza,"120,96","0,12",2,4,8
2023-01-12,Beleza,"68,08","0,22",5,5,1
2023-12-12,Beleza,"43,69","0,04",3,7,12
2023-02-15,Eletrônicos,"1450,63","0,24",2,6,2
2023-02-03,Beleza,"93,39","0,23",4,5,2
2023-03-19,Beleza,"48,29","0,32",4,7,3
2023-08-06,Casa e Decoração,"602,96","0,39",5,4,8
2023-10-28,Beleza,"105,61","0,1",1,3,10
2023-03-14,Beleza,"106,75","0,2",4,7,3
2023-10-09,Vestuário,"204,63","0,36",4,5,10
2023-09-06,Vestuário,"126,77","0,31",5,2,9
2023-02-16,Eletrônicos,"1239,14","0,19",2,7,2
2023-05-01,Vestuário,"97,23","0,38",4,27,5
2023-08-02,Casa e Decoração,"289,21","0,02",3,4,8
2023-08-27,Beleza,"99,64","0,37",5,6,8
2023-02-25,Eletrônicos,"700,41","0,02",1,7,2
2023-12-16,Eletrônicos,"1009,11","0,22",3,3,12
2023-04-17,Casa e Decoração,"257,21","0,36",3,7,4
2023-11-15,Eletrônicos,"1242,63","0,11",2,6,11
2023-02-17,Eletrônicos,"1372,41","0,19",2,3,2
2023-03-02,Eletrônicos,"1422,65","0,13",2,4,3
2023-12-03,Eletrônicos,"1499,64","0,38",2,7,12
2023-01-26,Eletrônicos,"1611,64","0,33",3,2,1
2023-10-19,Vestuário,"174,29","0,28",4,7,10
2023-09-14,Vestuário,"225,49","0,24",5,6,9
2023-01-08,Beleza,"92,99","0,33",5,5,1
2023-04-23,Vestuário,"143,07","0,16",3,5,4
2023-12-21,Beleza,"105,18","0,18",4,7,12
2023-09-10,Eletrônicos,"1135,08","0,29",5,8,9
2023-06-29,Eletrônicos,"1755,77","0,14",1,4,6
2023-07-26,Beleza,"118,27","0,03",1,5,7
2023-10-30,Eletrônicos,"1425,08","0,03",1,7,10
2023-05-07,Vestuário,"155,26","0,05",2,3,5
2023-02-25,Casa e Decoração,"309,25","0,35",3,5,2
2023-08-02,Casa e Decoração,"420,13","0,19",3,6,8
2023-01-14,Eletrônicos,"861,87","0,29",4,1,1
2023-01-28,Vestuário,"211,37","0,16",1,6,1
2023-03-19,Casa e Decoração,"332,24","0,1",3,3,3
2023-08-04,Eletrônicos,"1291,53","0,14",1,5,8
2023-12-31,Casa e Decoração,"259,04","0,32",4,6,12
2023-06-03,Beleza,"108,07","0,25",3,1,6
2023-01-14,Livros,"53,19","0,38",3,6,1
2023-07-06,Eletrônicos,"1394,77","0,27",2,8,7
2023-11-08,Beleza,"108,93","0,23",6,4,11
2023-01-07,Vestuário,"124,09","0,24",3,5,1
2023-01-03,Vestuário,"105,06","0,38",4,7,1
2023-04-21,Eletrônicos,"1659,57","0,32",3,2,4
2023-08-26,Beleza,"85,19","0,01",1,6,8
2023-12-29,Eletrônicos,"1267,45","0,21",2,6,12
2023-08-27,Vestuário,"169,42","0,28",4,5,8
2023-10-01,Eletrônicos,"823,89","0,3",4,5,10
2023-10-21,Beleza,"101,57","0,09",2,3,10
2023-08-15,Beleza,"92,48","0,35",5,7,8
2023-01-15,Beleza,"73,91","0,38",6,5,1
2023-07-11,Vestuário,"103,74","0,09",1,3,7
2023-04-29,Eletrônicos,"1381,77","0,35",1,4,4
2023-01-28,Casa e Decoração,"462,77","0,04",2,5,1
2023-07-21,Vestuário,"157,14","0,02",4,33,7
2023-02-08,Eletrônicos,"769,66","0,05",1,5,2
2023-09-30,Casa e Decoração,"244,27","0,02",2,4,9
2023-08-19,Livros,"53,52","0,34",5,7,8
2023-03-27,Beleza,"129,12","0,02",3,2,3
2023-05-06,Beleza,"83,83","0,11",2,6,5
2023-10-27,Livros,"52,97","0,04",2,7,10
2023-01-25,Eletrônicos,"697,95","0,12",3,2,1
2023-05-25,Casa e Decoração,"284,33","0,04",1,2,5
2023-01-13,Livros,"41,51","0,27",3,7,1
2023-07-31,Eletrônicos,"899,05","0,05",2,3,7
2023-01-25,Beleza,93,"0,34",4,9,1
2023-03-09,Casa e Decoração,"309,88","0,33",3,2,3
2023-03-08,Casa e Decoração,"519,95","0,01",3,5,3
2023-08-21,Casa e Decoração,"457,8","0,36",4,4,8
2023-04-19,Livros,"50,87","0,01",2,4,4
2023-05-26,Beleza,"67,08","0,1",2,5,5
2023-04-21,Eletrônicos,"1614,79","0,01",1,5,4
2023-08-16,Beleza,"131,5","0,13",3,4,8
2023-04-21,Eletrônicos,"541,73","0,21",3,3,4
2023-02-03,Vestuário,"153,71","0,32",4,6,2
2023-04-21,Vestuário,"139,92","0,14",3,5,4
2023-09-21,Vestuário,"175,96","0,28",4,5,9
2023-08-24,Vestuário,"227,71","0,08",1,5,8
2023-03-24,Livros,"52,74","0,3",3,6,3
2023-02-11,Beleza,"38,48","0,09",3,3,2
2023-04-11,Casa e Decoração,"407,9","0,06",1,5,4
2023-01-06,Eletrônicos,"1616,99","0,07",2,4,1
2023-06-29,Livros,"55,44","0,07",2,6,6
2023-10-09,Livros,"49,42","0,21",3,4,10
2023-11-16,Beleza,"79,07","0,34",5,5,11
2023-08-14,Eletrônicos,"1455,06","0,03",1,4,8
2023-11-11,Eletrônicos,"1063,66","0,28",3,5,11
2023-12-31,Eletrônicos,"1298,63","0,26",3,3,12
2023-08-17,Eletrônicos,"1208,34","0,35",4,5,8
2023-10-16,Vestuário,"146,98","0,1",4,6,10
2023-05-30,Livros,"70,52","0,18",6,5,5
2023-10-04,Vestuário,"130,86","0,37",6,5,10
2023-07-17,Eletrônicos,"1070,82","0,26",4,7,7
2023-03-11,Vestuário,"181,9","0,16",5,6,3
2023-04-22,Eletrônicos,"903,92","0,05",1,6,4
2023-01-04,Eletrônicos,"935,93","0,1",2,5,1
2023-12-16,Vestuário,"99,59","0,23",3,6,12
2023-11-27,Vestuário,"183,96","0,29",5,7,11
2023-11-14,Beleza,"87,37","0,05",2,4,11
2023-12-16,Livros,"40,3","0,24",3,20,12
2023-04-05,Vestuário,"184,15","0,22",4,5,4
2023-06-01,Vestuário,"127,78","0,21",4,4,6
2023-11-07,Beleza,"68,21","0,28",3,4,11
2023-05-17,Vestuário,"142,17","0,33",4,5,5
2023-09-04,Eletrônicos,"1643,62","0,13",1,21,9
2023-08-31,Beleza,"80,13","0,36",5,6,8
2023-01-31,Eletrônicos,"1372,6","0,06",2,4,1
2023-02-09,Casa e Decoração,"422,71","0,07",1,5,2
2023-08-17,Casa e Decoração,"394,33","0,11",2,7,8
2023-02-05,Vestuário,"200,84","0,05",1,5,2
2023-08-11,Vestuário,"121,72","0,09",3,7,8
2023-01-06,Beleza,"63,92","0,04",2,4,1
2023-11-18,Eletrônicos,"881,11","0,33",4,3,11
2023-08-08,Eletrônicos,"1156,66","0,06",1,4,8
2023-03-16,Beleza,"66,32","0,3",6,1,3
2023-01-04,Vestuário,"155,9","0,02",4,6,1
2023-12-01,Eletrônicos,"1223,1","0,38",3,3,12
2023-05-14,Beleza,"115,46","0,28",3,4,5
2023-04-28,Vestuário,"161,65",0,2,6,4
2023-04-04,Beleza,"79,6","0,31",4,5,4
2023-03-03,Beleza,"100,27","0,21",4,4,3
2023-07-13,Casa e Decoração,"246,98","0,31",5,1,7
2023-12-01,Vestuário,"148,47","0,21",3,6,12
2023-07-22,Livros,"64,79","0,26",3,6,7
2023-01-26,Eletrônicos,"1238,8","0,31",3,8,1
2023-06-22,Beleza,"100,38","0,16",3,4,6
2023-10-27,Eletrônicos,"1006,79",0,1,2,10
2023-05-13,Vestuário,"196,08","0,34",2,6,5
2023-11-22,Vestuário,"222,89","0,15",2,4,11
2023-04-28,Livros,"35,96","0,2",3,5,4
2023-11-20,Livros,"41,77",0,1,17,11
2023-10-02,Eletrônicos,"1212,92","0,2",1,5,10
2023-07-31,Eletrônicos,"1123,03","0,39",2,5,7
2023-08-13,Beleza,"137,41","0,11",1,5,8
2023-01-20,Vestuário,"158,79","0,16",3,2,1
2023-04-23,Eletrônicos,"1617,76","0,27",2,6,4
2023-05-20,Casa e Decoração,"145,09","0,33",4,6,5
2023-02-16,Vestuário,"182,57","0,17",4,5,2
2023-01-01,Livros,"49,27","0,12",3,2,1
2023-03-31,Eletrônicos,"980,54","0,38",4,4,3
2023-05-22,Vestuário,"140,07","0,27",4,7,5
2023-11-16,Vestuário,"93,02","0,05",1,4,11
2023-02-07,Beleza,"101,07","0,03",1,6,2
2023-10-20,Vestuário,"157,63","0,19",2,5,10
2023-05-19,Casa e Decoração,"376,62","0,09",2,6,5
2023-12-22,Eletrônicos,"1466,11","0,1",2,4,12
2023-11-29,Beleza,"127,87","0,35",6,5,11
2023-09-16,Vestuário,"135,45","0,04",1,5,9
2023-06-10,Eletrônicos,"1343,21","0,29",4,3,6
2023-06-27,Casa e Decoração,"379,3","0,11",1,5,6
2023-01-10,Eletrônicos,"1313,28","0,3",3,1,1
2023-09-18,Eletrônicos,"1317,78","0,29",3,4,9
2023-05-18,Beleza,"129,76",0,3,5,5
2023-06-21,Vestuário,"131,61","0,2",4,6,6
2023-01-13,Beleza,"51,86","0,06",2,5,1
2023-06-17,Vestuário,"122,09","0,35",5,2,6
2023-05-10,Beleza,"108,93","0,35",5,6,5
2023-03-25,Eletrônicos,1207,"0,17",3,3,3
2023-11-17,Vestuário,"131,3","0,18",1,5,11
2023-11-15,Livros,"43,85","0,12",3,3,11
2023-04-11,Beleza,"95,53","0,29",5,3,4
2023-11-25,Vestuário,"175,78","0,14",1,3,11
2023-09-30,Vestuário,"162,23","0,11",3,5,9
2023-09-22,Beleza,"83,67","0,17",2,4,9
2023-02-07,Vestuário,"155,87","0,04",2,5,2
2023-04-04,Beleza,"93,52","0,3",4,4,4
2023-04-05,Beleza,"94,74","0,01",2,2,4
2023-11-01,Eletrônicos,"844,71","0,26",3,5,11
2023-03-10,Eletrônicos,"1259,2","0,07",2,2,3
2023-11-14,Casa e Decoração,"305,94","0,09",3,3,11
2023-08-24,Eletrônicos,"1512,19","0,25",2,4,8
2023-11-30,Vestuário,"155,32","0,4",6,4,11
2023-05-17,Livros,"72,53","0,31",4,2,5
2023-03-17,Casa e Decoração,"319,82","0,09",2,7,3
2023-02-04,Beleza,"83,36","0,07",2,7,2
2023-01-01,Casa e Decoração,"499,43","0,35",5,8,1
2023-10-23,Casa e Decoração,"393,63","0,18",3,6,10
2023-11-16,Eletrônicos,"985,65","0,05",1,4,11
2023-03-01,Vestuário,"185,88","0,34",4,4,3
2023-11-16,Vestuário,"128,67","0,33",3,4,11
2023-12-15,Vestuário,"159,03","0,39",5,7,12
2023-11-24,Beleza,"135,92","0,36",4,4,11
2023-09-24,Vestuário,"92,75","0,34",3,6,9
2023-12-27,Vestuário,"142,97","0,02",1,6,12
2023-08-17,Vestuário,"166,33","0,04",3,5,8
2023-09-27,Eletrônicos,"1429,41","0,23",2,2,9
2023-11-12,Vestuário,"100,35","0,21",5,4,11
2023-10-13,Eletrônicos,"739,26","0,18",2,16,10
2023-10-18,Eletrônicos,"1527,22","0,16",3,6,10
2023-08-01,Eletrônicos,"983,88","0,17",3,5,8
2023-06-14,Vestuário,"119,51","0,23",3,3,6
2023-01-05,Beleza,"128,76",0,1,6,1
2023-12-05,Vestuário,"152,79","0,1",1,4,12
2023-03-19,Vestuário,"153,05","0,21",3,1,3
2023-03-03,Casa e Decoração,"332,02","0,29",6,5,3
2023-05-12,Eletrônicos,"832,81","0,07",1,5,5
2023-03-30,Beleza,"106,89","0,22",4,3,3
2023-08-25,Vestuário,"166,38","0,29",5,4,8
2023-02-11,Vestuário,"156,75","0,18",3,5,2
2023-03-30,Casa e Decoração,"338,37","0,01",1,5,3
2023-10-23,Eletrônicos,"1112,3","0,18",3,2,10
2023-11-24,Casa e Decoração,"441,25","0,12",3,6,11
2023-10-22,Vestuário,"144,35","0,37",5,7,10
2023-04-14,Beleza,"88,4","0,05",1,4,4
2023-01-14,Eletrônicos,"1358,97","0,26",3,2,1
2023-10-15,Vestuário,"158,32","0,02",3,6,10
2023-06-28,Casa e Decoração,"514,23","0,18",5,26,6
2023-05-05,Eletrônicos,"671,59","0,22",3,5,5
2023-12-19,Vestuário,162,"0,12",3,8,12
2023-01-23,Beleza,"72,36","0,18",4,2,1
2023-03-04,Beleza,"66,45","0,07",2,3,3
2023-05-23,Vestuário,"131,72","0,12",3,4,5
2023-06-02,Beleza,"91,37","0,25",5,6,6
2023-05-25,Livros,"61,49","0,12",2,10,5
2023-08-13,Beleza,"52,07","0,36",4,5,8
2023-11-05,Eletrônicos,"1037,67","0,25",2,2,11
2023-04-14,Beleza,"97,03","0,18",3,4,4
2023-04-14,Vestuário,"114,92","0,02",2,3,4
2023-02-08,Livros,"43,28","0,2",2,6,2
2023-07-17,Vestuário,"59,75","0,31",2,5,7
2023-05-14,Eletrônicos,"1001,04","0,11",1,3,5
2023-03-08,Beleza,"61,26","0,32",4,3,3
2023-06-28,Vestuário,"110,64","0,1",1,4,6
2023-02-11,Livros,"55,92","0,33",4,4,2
2023-01-15,Livros,51,"0,03",3,4,1
2023-04-21,Casa e Decoração,"233,38","0,35",5,5,4
2023-06-06,Eletrônicos,"565,25","0,2",3,6,6
2023-10-16,Casa e Decoração,"380,23","0,12",2,4,10
2023-08-19,Eletrônicos,"1425,85","0,11",1,4,8
2023-06-06,Eletrônicos,"1080,98","0,17",2,2,6
2023-02-07,Beleza,"83,36","0,4",6,4,2
2023-04-07,Eletrônicos,"1200,84","0,09",1,5,4
2023-10-16,Vestuário,"213,15","0,04",3,2,10
2023-09-11,Livros,"36,48","0,23",4,20,9
2023-07-15,Vestuário,"133,42","0,2",3,6,7
2023-03-27,Vestuário,"81,12","0,21",4,5,3
2023-11-18,Livros,"65,43","0,27",5,5,11
2023-01-10,Eletrônicos,"1156,81","0,11",1,5,1
2023-01-05,Beleza,"95,07","0,36",5,4,1
2023-05-03,Livros,"62,3","0,17",5,3,5
2023-11-26,Livros,"74,86","0,05",4,6,11
2023-12-19,Casa e Decoração,"403,81","0,3",4,6,12
2023-04-28,Vestuário,"183,22","0,26",3,3,4
2023-10-21,Vestuário,"107,38","0,13",2,2,10
2023-06-08,Beleza,"119,83","0,25",5,15,6
2023-10-30,Beleza,"71,94","0,09",1,5,10
2023-08-16,Vestuário,"123,41","0,18",3,4,8
2023-12-31,Eletrônicos,"1281,25","0,36",4,5,12
2023-08-04,Eletrônicos,"1290,58","0,05",1,7,8
2023-07-03,Eletrônicos,"878,44","0,15",3,4,7
2023-01-15,Beleza,"85,67","0,33",5,5,1
2023-06-06,Vestuário,"209,53","0,39",7,6,6
2023-05-16,Livros,"37,97","0,18",4,3,5
2023-09-18,Beleza,"127,13","0,2",2,3,9
2023-06-06,Eletrônicos,"1127,49","0,23",3,6,6
2023-02-16,Casa e Decoração,"116,22","0,37",6,5,2
2023-11-20,Vestuário,"95,33","0,34",6,5,11
2023-11-28,Casa e Decoração,"253,65","0,07",1,5,11
2023-06-22,Beleza,"74,4","0,17",2,6,6
2023-05-10,Beleza,"87,38","0,19",2,5,5
2023-04-05,Beleza,"22,41","0,32",6,5,4
2023-04-25,Vestuário,"157,47","0,24",4,6,4
2023-08-31,Eletrônicos,"883,47","0,26",2,7,8
2023-10-19,Beleza,"124,76","0,4",5,8,10
2023-10-09,Eletrônicos,"1118,95","0,03",1,4,10
2023-10-26,Vestuário,"187,71","0,09",1,8,10
2023-10-10,Eletrônicos,"1533,1","0,16",2,3,10
2023-03-10,Casa e Decoração,"458,33","0,14",3,7,3
2023-05-28,Eletrônicos,"1030,08","0,01",2,4,5
2023-01-11,Casa e Decoração,"292,08","0,04",1,4,1
2023-09-11,Livros,"56,63","0,27",2,5,9
2023-11-26,Eletrônicos,"1390,87","0,35",3,3,11
2023-12-26,Eletrônicos,"1046,79","0,21",2,5,12
2023-02-07,Vestuário,"145,23","0,22",3,3,2
2023-05-14,Beleza,"96,84","0,1",1,3,5
2023-07-19,Eletrônicos,"928,53","0,31",4,4,7
2023-01-23,Vestuário,"111,28","0,3",3,7,1
2023-10-30,Eletrônicos,"1152,52","0,24",3,4,10
2023-12-12,Beleza,"89,35","0,09",4,6,12
2023-10-29,Vestuário,"167,36","0,04",2,3,10
2023-12-29,Beleza,"106,8","0,03",2,3,12
2023-08-06,Livros,"43,51","0,24",6,5,8
2023-05-21,Eletrônicos,"956,37","0,33",5,7,5
2023-04-14,Beleza,"65,73","0,34",5,5,4
2023-07-29,Eletrônicos,"1623,73","0,19",1,6,7
2023-04-21,Beleza,"86,99","0,31",5,7,4
2023-04-14,Casa e Decoração,"351,61","0,38",5,4,4
2023-11-12,Beleza,"91,44","0,11",2,4,11
2023-06-20,Eletrônicos,"985,3","0,16",2,5,6
2023-12-22,Eletrônicos,"1669,28","0,37",4,5,12
2023-11-20,Vestuário,"166,44","0,14",1,2,11
2023-05-13,Vestuário,"151,58","0,37",7,5,5
2023-10-20,Eletrônicos,"868,42","0,39",5,4,10
2023-11-24,Vestuário,"103,52","0,26",4,3,11
2023-05-07,Eletrônicos,"1107,33","0,33",4,4,5
2023-04-16,Vestuário,122,"0,3",5,3,4
2023-04-02,Beleza,"63,31","0,28",3,2,4
2023-10-14,Vestuário,"135,16","0,12",2,5,10
2023-02-20,Eletrônicos,"1135,07","0,02",1,6,2
2023-01-29,Vestuário,"155,67","0,14",5,4,1
2023-10-23,Eletrônicos,"1048,82","0,27",3,3,10
2023-10-24,Livros,"44,89","0,04",1,3,10
2023-08-02,Eletrônicos,"908,12",0,4,5,8
2023-09-24,Beleza,"120,32","0,06",1,7,9
2023-09-14,Livros,"41,22","0,29",4,6,9
2023-10-29,Beleza,"99,08","0,39",5,6,10
2023-04-11,Casa e Decoração,"401,95","0,39",4,3,4
2023-12-12,Beleza,"86,97","0,2",4,4,12
2023-04-20,Livros,"86,52","0,35",3,6,4
2023-07-01,Casa e Decoração,"400,17","0,29",5,2,7
2023-11-09,Casa e Decoração,"534,29","0,2",2,4,11
2023-01-01,Casa e Decoração,"284,89","0,23",3,6,1
2023-11-15,Vestuário,"124,64","0,05",3,5,11
2023-02-24,Casa e Decoração,"402,75","0,38",5,3,2
2023-05-29,Vestuário,"139,54","0,14",3,2,5
2023-11-05,Eletrônicos,"1705,7","0,18",1,7,11
2023-05-17,Eletrônicos,"1302,51","0,27",5,1,5
2023-07-21,Eletrônicos,"886,63","0,13",2,5,7
2023-11-09,Vestuário,"80,53","0,1",1,4,11
2023-04-27,Eletrônicos,"1176,53","0,25",3,6,4
2023-06-03,Casa e Decoração,"341,09","0,01",1,3,6
2023-10-18,Vestuário,"162,55","0,29",6,8,10
2023-03-04,Beleza,"120,27","0,21",4,5,3
2023-09-01,Eletrônicos,"1523,73","0,24",1,5,9
2023-01-25,Eletrônicos,"1026,33","0,25",4,3,1
2023-03-31,Beleza,"57,65","0,21",3,4,3
2023-03-16,Casa e Decoração,"226,59","0,23",2,4,3
2023-10-21,Eletrônicos,"978,96","0,27",4,7,10
2023-07-29,Beleza,"80,83","0,3",5,5,7
2023-12-13,Beleza,"97,63","0,29",5,5,12
2023-01-17,Vestuário,"117,96","0,35",5,5,1
2023-05-08,Vestuário,"161,22","0,08",2,5,5
2023-12-30,Livros,"65,43","0,16",3,2,12
2023-09-08,Casa e Decoração,"364,33","0,38",7,8,9
2023-06-28,Vestuário,"104,86","0,16",3,3,6
2023-07-01,Beleza,"101,7","0,05",2,4,7
2023-06-01,Vestuário,"233,25","0,21",4,7,6
2023-01-25,Vestuário,"159,84","0,04",2,7,1
2023-06-29,Vestuário,"31,88","0,08",2,6,6
2023-07-17,Beleza,"121,02","0,4",5,4,7
2023-12-10,Casa e Decoração,"279,73","0,22",3,5,12
2023-06-10,Casa e Decoração,"576,57","0,11",4,5,6
2023-06-26,Vestuário,"154,65","0,4",5,5,6
2023-10-12,Eletrônicos,"694,59","0,39",4,3,10
2023-03-04,Vestuário,"67,41","0,18",3,6,3
2023-05-30,Beleza,"128,49","0,1",2,5,5
2023-06-03,Vestuário,"194,24","0,34",5,3,6
2023-06-05,Eletrônicos,"1867,81","0,29",2,4,6
2023-02-18,Beleza,"90,27","0,27",4,5,2
2023-12-03,Eletrônicos,"1183,04","0,36",4,2,12
2023-03-25,Livros,"54,26","0,28",5,6,3
2023-12-27,Eletrônicos,"1002,51","0,11",2,5,12
2023-06-26,Casa e Decoração,"310,76","0,28",4,7,6
2023-05-28,Eletrônicos,"1265,24","0,12",2,5,5
2023-04-28,Livros,"47,34","0,3",5,3,4
2023-12-08,Vestuário,"83,23","0,25",3,3,12
2023-03-04,Eletrônicos,"1247,96","0,03",1,4,3
2023-07-08,Vestuário,"115,35","0,21",5,4,7
2023-12-26,Eletrônicos,"228,17","0,14",3,4,12
2023-02-18,Eletrônicos,"1365,77","0,13",1,5,2
2023-11-23,Livros,"43,38","0,24",4,4,11
2023-09-14,Vestuário,"176,47","0,13",2,5,9
2023-08-12,Beleza,"105,95","0,31",5,4,8
2023-05-21,Casa e Decoração,"378,36","0,03",1,5,5
2023-08-03,Casa e Decoração,"599,68","0,26",4,4,8
2023-07-30,Eletrônicos,"1158,58","0,32",4,6,7
2023-11-14,Eletrônicos,"1114,31","0,27",3,5,11
2023-02-01,Beleza,"107,09","0,2",2,5,2
2023-06-07,Livros,"59,17","0,38",6,4,6
2023-10-12,Vestuário,"196,42","0,12",2,2,10
2023-11-01,Vestuário,"99,25","0,01",1,7,11
2023-10-13,Vestuário,"99,91","0,17",3,3,10
2023-05-24,Livros,"71,49","0,01",4,5,5
2023-01-19,Vestuário,"103,41","0,38",5,5,1
2023-01-18,Vestuário,"174,36","0,08",1,4,1
2023-09-14,Beleza,"99,25","0,32",4,7,9
2023-03-19,Eletrônicos,"991,65","0,31",4,3,3
2023-06-24,Eletrônicos,"1310,15","0,09",1,7,6
2023-07-13,Casa e Decoração,"226,54","0,25",5,6,7
2023-04-23,Livros,45,"0,02",2,4,4
2023-04-24,Eletrônicos,"1128,84","0,19",3,4,4
2023-08-10,Vestuário,"153,16","0,01",1,1,8
2023-06-15,Vestuário,"137,85","0,37",4,3,6
2023-11-15,Vestuário,"167,32","0,39",6,4,11
2023-05-12,Casa e Decoração,"388,85","0,09",2,5,5
2023-09-21,Vestuário,"211,17","0,08",2,6,9
2023-02-24,Vestuário,"146,19","0,3",6,8,2
2023-12-25,Vestuário,"197,78","0,1",3,5,12
2023-05-11,Casa e Decoração,"442,07","0,36",3,5,5
2023-10-15,Vestuário,"241,76","0,23",4,4,10
2023-09-23,Beleza,"86,82","0,14",4,2,9
2023-06-11,Eletrônicos,"1073,89","0,33",5,4,6
2023-03-28,Beleza,"121,44","0,2",2,4,3
2023-02-24,Beleza,"99,64","0,36",5,6,2
2023-10-15,Vestuário,"201,27","0,37",5,5,10
2023-06-27,Vestuário,"178,67","0,07",1,5,6
2023-12-15,Vestuário,"65,73",0,2,4,12
2023-01-08,Eletrônicos,"1312,9","0,39",4,2,1
2023-11-17,Vestuário,"162,45","0,36",6,2,11
2023-11-09,Eletrônicos,"1239,93","0,02",1,2,11
2023-09-04,Vestuário,"144,71","0,33",3,4,9
2023-11-19,Beleza,"50,2","0,18",3,6,11
2023-09-12,Vestuário,"184,97","0,1",3,6,9
2023-11-24,Beleza,"99,34","0,35",4,6,11
2023-02-23,Vestuário,"194,08","0,08",1,4,2
2023-09-06,Beleza,"51,53","0,38",6,6,9
2023-08-27,Casa e Decoração,"400,71","0,08",2,3,8
2023-08-17,Eletrônicos,"1129,6","0,25",4,6,8
2023-03-08,Casa e Decoração,"364,38","0,09",2,2,3
2023-02-20,Eletrônicos,"1133,05","0,22",2,3,2
2023-04-07,Vestuário,"171,74","0,27",6,7,4
2023-04-02,Livros,"57,56","0,08",1,4,4
2023-09-21,Eletrônicos,"884,43","0,21",2,3,9
2023-10-18,Vestuário,"153,46","0,19",3,6,10
2023-04-06,Beleza,"84,65","0,03",2,6,4
2023-03-29,Beleza,"87,92","0,33",5,4,3
2023-03-19,Casa e Decoração,"31,22","0,13",2,5,3
2023-10-15,Vestuário,"177,31","0,23",5,5,10
2023-04-30,Casa e Decoração,"318,53","0,21",3,1,4
2023-10-29,Vestuário,"96,07","0,21",2,2,10
2023-06-14,Beleza,"113,06","0,04",2,6,6
2023-07-01,Livros,"69,55","0,17",4,3,7
2023-08-11,Beleza,"81,82","0,18",5,5,8
2023-11-07,Beleza,"61,2","0,29",5,5,11
2023-01-07,Eletrônicos,"1253,41","0,34",2,6,1
2023-11-26,Beleza,"93,08","0,22",2,2,11
2023-09-20,Beleza,"113,11","0,03",3,5,9
2023-06-10,Eletrônicos,"1066,88","0,09",1,4,6
2023-05-31,Beleza,"119,87","0,07",1,3,5
2023-03-26,Vestuário,"128,39","0,05",3,3,3
2023-05-27,Casa e Decoração,"215,42","0,15",2,5,5
2023-04-22,Beleza,"61,69","0,09",3,5,4
2023-02-05,Casa e Decoração,"343,76","0,09",1,5,2
2023-10-12,Eletrônicos,"1180,35","0,02",2,5,10
2023-07-07,Casa e Decoração,"382,79","0,01",2,4,7
2023-03-23,Vestuário,"146,39","0,04",1,4,3
2023-01-02,Livros,"74,66","0,07",1,3,1
2023-10-30,Vestuário,"139,56","0,17",5,4,10
2023-07-16,Vestuário,"70,15","0,2",3,5,7
2023-01-11,Beleza,"86,97","0,06",1,6,1
2023-08-22,Vestuário,"69,73","0,17",5,3,8
2023-07-14,Casa e Decoração,"377,14","0,14",3,3,7
2023-04-29,Casa e Decoração,"455,72","0,07",3,3,4
2023-01-20,Beleza,"65,34",0,1,4,1
2023-09-18,Casa e Decoração,"491,86","0,19",5,2,9
2023-10-20,Vestuário,"183,71","0,27",3,3,10
2023-09-13,Eletrônicos,"1561,94","0,09",1,2,9
2023-08-10,Eletrônicos,"1256,87","0,05",1,5,8
2023-08-14,Eletrônicos,"902,17","0,35",5,4,8
2023-02-22,Eletrônicos,"1434,24","0,11",2,4,2
2023-12-21,Casa e Decoração,"287,54","0,09",2,3,12
2023-12-08,Beleza,"92,95","0,34",4,4,12
2023-12-30,Vestuário,"143,15","0,33",6,4,12
2023-10-07,Beleza,"118,12","0,18",4,7,10
2023-03-22,Livros,"70,95","0,2",3,6,3
2023-07-21,Beleza,"87,99","0,09",1,3,7
2023-06-07,Casa e Decoração,"154,84","0,03",1,5,6
2023-04-30,Vestuário,"124,59","0,23",3,6,4
2023-02-28,Vestuário,"178,17","0,04",3,3,2
2023-08-03,Eletrônicos,"1284,03","0,18",2,2,8
2023-05-08,Vestuário,"89,87","0,38",6,2,5
2023-08-12,Livros,"32,9","0,38",5,6,8
2023-07-28,Beleza,"94,89","0,1",3,4,7
2023-04-25,Eletrônicos,"882,88","0,25",2,5,4
2023-07-28,Vestuário,"111,57","0,19",4,4,7
2023-01-14,Beleza,"106,82","0,35",4,3,1
2023-01-09,Eletrônicos,"1560,67","0,11",1,3,1
2023-02-09,Vestuário,"119,97",0,1,2,2
2023-08-25,Beleza,"88,88","0,07",2,6,8
2023-10-08,Vestuário,"147,03","0,14",3,7,10
2023-12-25,Eletrônicos,"1150,74","0,13",1,5,12
2023-07-20,Vestuário,"151,62","0,32",5,2,7
2023-09-03,Beleza,"108,91","0,27",4,5,9
2023-10-05,Casa e Decoração,"282,61","0,12",4,6,10
2023-08-23,Eletrônicos,"742,42","0,18",1,6,8
2023-01-04,Vestuário,"217,6","0,04",1,4,1
2023-06-03,Vestuário,"193,58","0,36",5,4,6
2023-01-29,Casa e Decoração,"239,64","0,37",4,4,1
2023-04-19,Beleza,"93,39","0,39",5,6,4
2023-04-08,Eletrônicos,"1503,21","0,35",3,6,4
2023-08-03,Beleza,"108,73","0,07",2,4,8
2023-10-20,Eletrônicos,"1338,6","0,02",1,4,10
2023-03-16,Vestuário,"143,19","0,23",4,4,3
2023-11-22,Eletrônicos,"1718,19","0,37",4,3,11
2023-05-26,Vestuário,"158,83","0,07",1,7,5
2023-05-08,Vestuário,"129,4",0,1,3,5
2023-12-07,Vestuário,"184,84","0,32",4,5,12
2023-02-11,Eletrônicos,"1228,82","0,03",1,4,2
2023-12-22,Casa e Decoração,"384,98","0,17",2,4,12
2023-02-10,Eletrônicos,"1260,94","0,27",2,4,2
2023-02-03,Beleza,"102,42","0,09",3,5,2
2023-01-17,Livros,"45,32","0,03",4,4,1
2023-06-14,Vestuário,"91,96","0,31",4,3,6
2023-06-02,Vestuário,"207,37","0,25",4,5,6
2023-03-17,Vestuário,"159,98","0,4",6,3,3
2023-03-28,Eletrônicos,"1431,25","0,14",2,7,3
2023-04-27,Vestuário,"79,61","0,02",2,4,4
2023-12-28,Beleza,"116,67","0,29",4,34,12
2023-12-08,Casa e Decoração,"297,85","0,21",3,7,12
2023-01-27,Eletrônicos,"958,13","0,09",1,6,1
2023-11-09,Beleza,"88,42","0,31",5,3,11
2023-10-14,Vestuário,"110,88","0,08",3,3,10
2023-05-14,Beleza,"89,96","0,1",3,5,5
2023-08-07,Casa e Decoração,"336,37","0,04",1,5,8
2023-06-17,Casa e Decoração,"456,04","0,16",3,6,6
2023-04-08,Eletrônicos,1654,"0,17",3,4,4
2023-09-25,Eletrônicos,"1644,45","0,21",1,6,9
2023-08-25,Livros,"26,03","0,28",4,1,8
2023-11-05,Eletrônicos,"919,45","0,36",5,4,11
2023-06-22,Livros,"25,88","0,06",1,4,6
2023-07-09,Vestuário,"102,26","0,02",2,4,7
2023-05-02,Eletrônicos,"1005,14","0,01",1,4,5
2023-02-15,Eletrônicos,"1323,17","0,06",1,6,2
2023-03-05,Eletrônicos,"1044,02","0,26",3,3,3
2023-05-10,Livros,"52,62","0,29",5,1,5
2023-11-06,Vestuário,"157,27","0,31",3,3,11
2023-12-29,Vestuário,"81,63","0,1",1,6,12
2023-07-12,Vestuário,"116,46","0,12",4,2,7
2023-11-03,Eletrônicos,"1048,93","0,19",4,4,11
2023-06-30,Vestuário,"141,9","0,03",2,6,6
2023-10-19,Eletrônicos,"1223,09","0,24",4,4,10
2023-10-09,Beleza,"127,52","0,39",5,6,10
2023-01-29,Vestuário,"186,33","0,14",2,1,1
2023-05-29,Vestuário,"119,23","0,3",6,4,5
2023-09-24,Vestuário,"139,55","0,2",4,7,9
2023-10-23,Vestuário,"136,82","0,05",3,3,10
2023-01-11,Livros,"52,29","0,23",4,6,1
2023-06-13,Vestuário,"160,9","0,12",2,4,6
2023-04-23,Eletrônicos,"642,07","0,01",1,5,4
2023-07-06,Casa e Decoração,"438,07","0,25",5,6,7
2023-10-22,Eletrônicos,"1708,07","0,34",3,5,10
2023-08-20,Eletrônicos,"1119,05","0,14",1,4,8
2023-08-15,Livros,"55,66","0,16",3,5,8
2023-11-06,Beleza,"93,93","0,36",4,4,11
2023-04-08,Livros,"75,29","0,33",5,5,4
2023-02-24,Vestuário,"137,03","0,29",4,3,2
2023-04-21,Vestuário,"187,36","0,1",2,5,4
2023-06-01,Eletrônicos,"1346,55","0,36",5,6,6
2023-09-03,Eletrônicos,"1908,48","0,06",1,4,9
2023-03-10,Beleza,"81,78","0,25",4,6,3
2023-11-08,Vestuário,"70,96","0,01",2,9,11
2023-10-16,Beleza,"54,18","0,26",4,4,10
2023-09-07,Beleza,"90,3","0,11",2,5,9
2023-02-05,Eletrônicos,"1508,36","0,18",1,5,2
2023-08-27,Vestuário,"123,9","0,14",2,5,8
2023-05-28,Casa e Decoração,"326,91","0,07",1,6,5
2023-08-15,Eletrônicos,"1405,45","0,25",3,4,8
2023-09-01,Beleza,"65,87","0,35",5,4,9
2023-12-03,Vestuário,"125,55","0,38",4,2,12
2023-12-31,Eletrônicos,"849,68","0,08",2,4,12
2023-07-20,Casa e Decoração,"467,82","0,29",3,6,7
2023-06-03,Livros,"83,13","0,27",4,3,6
2023-03-14,Eletrônicos,"726,18","0,14",2,32,3
2023-07-20,Beleza,"86,45","0,01",2,4,7
2023-10-23,Eletrônicos,"1622,18","0,28",3,4,10
2023-01-17,Beleza,"99,97","0,38",5,2,1
2023-05-09,Beleza,"77,77","0,25",3,7,5
2023-08-05,Vestuário,"88,15","0,17",3,5,8
2023-03-02,Vestuário,"196,12","0,21",5,8,3
2023-04-14,Beleza,"99,01","0,08",2,6,4
2023-02-11,Vestuário,"91,08","0,3",5,7,2
2023-01-25,Beleza,"119,75","0,3",4,2,1
2023-02-08,Eletrônicos,"719,88","0,06",2,2,2
2023-10-18,Beleza,"84,49","0,35",6,5,10
2023-05-11,Beleza,"83,38","0,11",2,3,5
2023-08-17,Livros,"84,28","0,39",6,3,8
2023-04-18,Eletrônicos,"1121,69","0,15",5,8,4
2023-06-21,Casa e Decoração,"323,54","0,07",2,6,6
2023-04-12,Casa e Decoração,"213,69","0,14",4,3,4
2023-12-20,Vestuário,"124,38","0,18",4,1,12
2023-01-12,Vestuário,"117,31","0,03",1,3,1
2023-10-02,Eletrônicos,"970,43","0,23",3,4,10
2023-04-11,Beleza,"90,16","0,24",3,4,4
2023-02-13,Vestuário,"52,63","0,3",4,16,2
2023-11-01,Eletrônicos,"746,93","0,01",1,6,11
2023-01-17,Casa e Decoração,"338,9","0,22",3,3,1
2023-11-26,Vestuário,"154,85","0,02",1,5,11
2023-02-26,Eletrônicos,"1129,97","0,28",6,5,2
2023-11-07,Livros,"59,39","0,02",2,6,11
2023-10-30,Livros,"53,86","0,36",5,4,10
2023-01-12,Vestuário,"149,26","0,28",4,3,1
2023-11-14,Eletrônicos,"1330,24","0,2",3,4,11
2023-03-21,Beleza,"100,68","0,18",5,4,3
2023-08-04,Vestuário,"122,44","0,05",3,8,8
2023-12-05,Vestuário,"186,6","0,12",3,5,12
2023-09-21,Vestuário,"156,28","0,35",6,5,9
2023-05-29,Vestuário,"199,29","0,36",5,6,5
2023-03-22,Casa e Decoração,"493,29",0,1,4,3
2023-08-03,Vestuário,"92,29","0,24",5,6,8
2023-07-17,Casa e Decoração,"264,1","0,29",4,4,7
2023-07-19,Livros,"72,2","0,25",2,4,7
2023-01-25,Vestuário,"83,4","0,03",1,3,1
2023-03-30,Beleza,"125,5","0,09",3,7,3
2023-09-25,Beleza,"81,4","0,1",3,4,9
2023-05-23,Vestuário,173,"0,33",6,3,5
2023-02-28,Vestuário,"145,34","0,19",3,5,2
2023-12-31,Casa e Decoração,"210,76","0,19",5,4,12
2023-01-26,Casa e Decoração,"455,55","0,37",5,16,1
2023-02-16,Beleza,"158,77","0,25",4,5,2
2023-10-15,Vestuário,"129,4","0,36",6,7,10
2023-09-23,Livros,"55,16","0,18",2,5,9
2023-01-16,Eletrônicos,"405,27","0,06",1,3,1
2023-07-18,Eletrônicos,"1605,45","0,37",3,4,7
2023-10-09,Casa e Decoração,"441,18","0,18",4,5,10
2023-03-27,Vestuário,"80,66","0,07",2,2,3
2023-09-07,Eletrônicos,"580,53","0,12",4,3,9
2023-09-27,Vestuário,"72,03","0,02",2,5,9
2023-12-01,Vestuário,"175,81","0,19",2,2,12
2023-04-27,Eletrônicos,"1423,5","0,34",3,4,4
2023-01-07,Livros,"46,15","0,37",5,4,1
2023-05-17,Eletrônicos,"1349,78","0,37",4,6,5
2023-06-25,Beleza,"93,97","0,05",1,4,6
2023-11-24,Beleza,"80,82","0,15",4,6,11
2023-11-11,Livros,"74,55","0,01",2,5,11
2023-08-03,Eletrônicos,"838,52","0,34",3,7,8
2023-03-23,Beleza,"118,69","0,14",5,2,3
2023-08-11,Vestuário,"120,86","0,25",3,7,8
2023-04-13,Casa e Decoração,"528,15","0,29",3,4,4
2023-09-30,Casa e Decoração,"249,47","0,17",1,7,9
2023-01-14,Beleza,"81,21","0,12",4,25,1
2023-06-08,Vestuário,"152,34","0,38",5,1,6
2023-06-01,Beleza,"91,31","0,39",5,5,6
2023-04-18,Vestuário,"169,63","0,12",1,6,4
2023-07-07,Beleza,"57,86","0,19",3,6,7
2023-10-28,Livros,"59,44","0,39",8,3,10
2023-04-08,Eletrônicos,"1241,44",0,1,5,4
2023-05-11,Livros,"52,08","0,17",2,5,5
2023-10-20,Eletrônicos,"1321,22","0,04",2,5,10
2023-06-20,Eletrônicos,"796,09","0,2",4,6,6
2023-07-02,Eletrônicos,"1102,06","0,01",1,6,7
2023-12-30,Vestuário,"119,87","0,16",3,4,12
2023-02-08,Casa e Decoração,"317,66","0,09",3,5,2
2023-01-15,Eletrônicos,"1634,11","0,21",2,5,1
2023-01-04,Eletrônicos,"1639,94","0,4",6,4,1
2023-12-15,Livros,"79,06","0,32",5,4,12
2023-07-29,Beleza,"78,44","0,34",6,5,7
2023-06-10,Beleza,"112,69","0,25",4,4,6
2023-01-16,Beleza,"92,81","0,02",1,6,1
2023-04-18,Beleza,"91,14","0,08",1,6,4
2023-11-07,Eletrônicos,"1176,79","0,37",3,3,11
2023-08-15,Vestuário,"220,34","0,15",2,6,8
2023-06-19,Beleza,"124,15","0,04",4,3,6
2023-02-03,Vestuário,"179,8","0,28",4,6,2
2023-09-08,Casa e Decoração,"332,97","0,12",2,6,9
2023-09-04,Eletrônicos,"1211,87","0,11",3,4,9
2023-09-26,Vestuário,"171,22","0,4",4,3,9
2023-05-21,Vestuário,"129,14","0,34",4,4,5